vendor,family,source,dof,link_count,fidelity_class,scale_class,mesh_bytes_total,aabb_x_m,aabb_y_m,aabb_z_m,joint_range_total_rad,joint_range_total_m,license,dedup_group_size,path
<generic>,racecar,bullet3,6,13,medium,tabletop,804514,0.39,0.2,0.125,8.283186,0.0,zlib (most files); see LICENSE.txt for exceptions,2,bullet3/data/racecar/racecar.urdf
<research>,adroit,Gymnasium-Robotics,30,31,low,tabletop,373524,0.29,0.7435,0.4474,41.04900000000001,0.8,"MIT (Farama Foundation, 2022)",1,Gymnasium-Robotics/gymnasium_robotics/envs/assets/adroit_hand/adroit_door.xml
<research>,adroit,Gymnasium-Robotics,30,30,low,tabletop,373524,0.234,0.7,0.25,50.52855800000001,0.0,"MIT (Farama Foundation, 2022)",1,Gymnasium-Robotics/gymnasium_robotics/envs/assets/adroit_hand/adroit_pen.xml
<research>,adroit,Gymnasium-Robotics,33,31,low,tabletop,373524,0.1335,0.7,0.25,51.77855800000001,0.09999999999999999,"MIT (Farama Foundation, 2022)",1,Gymnasium-Robotics/gymnasium_robotics/envs/assets/adroit_hand/adroit_hammer.xml
<research>,adroit,Gymnasium-Robotics,36,29,low,tabletop,373524,0.1175,0.7,0.25,55.02855800000001,1.5,"MIT (Farama Foundation, 2022)",1,Gymnasium-Robotics/gymnasium_robotics/envs/assets/adroit_hand/adroit_relocate.xml
<research>,flybody,mujoco_menagerie,102,68,high,tabletop,13082400,0.278,0.3282,0.1326,136.98808000000002,0.0,Apache-2.0 (Menagerie: flybody),2,mujoco_menagerie/flybody/fruitfly.xml
<research>,leap,mujoco_menagerie,16,18,medium,compact,4714308,0.1645,0.173,0.0298,39.33,0.0,Unknown (Menagerie: leap_hand),4,mujoco_menagerie/leap_hand/left_hand.xml
<research>,low_cost_robot_arm,mujoco_menagerie,6,8,medium,compact,2359416,0.1734,0.0209,0.1818,21.502000000000002,0.0,Apache-2.0 (Menagerie: low_cost_robot_arm),2,mujoco_menagerie/low_cost_robot_arm/low_cost_robot_arm.xml
<research>,microtaur,bullet3,12,26,high,tabletop,20951628,0.2815,0.558,0.059,0.0,0.0,zlib (most files); see LICENSE.txt for exceptions,1,bullet3/examples/pybullet/gym/pybullet_data/quadruped/microtaur/microtaur.urdf
<research>,robot_soccer_kit,mujoco_menagerie,64,66,medium,compact,2167608,0.1276,0.1105,0.057,395.840718,0.01,Unknown (Menagerie: robot_soccer_kit),2,mujoco_menagerie/robot_soccer_kit/robot_soccer_kit.xml
,bullet3,bullet3,1,2,low,unknown,836,0.0,0.0,0.0,0.0,5.93411945678,zlib (most files); see LICENSE.txt for exceptions,1,bullet3/data/cube_gripper_left.urdf
,bullet3,bullet3,1,2,low,unknown,836,0.0,0.0,0.0,0.0,5.93411945678,zlib (most files); see LICENSE.txt for exceptions,1,bullet3/data/cube_gripper_right.urdf
,bullet3,bullet3,1,2,low,compact,354584,0.256,0.2854,0.0328,6.283186,0.0,zlib (most files); see LICENSE.txt for exceptions,1,bullet3/data/wheel.urdf
,bullet3,bullet3,1,2,low,unknown,836,0.0,0.0,0.0,6.283186,0.0,zlib (most files); see LICENSE.txt for exceptions,1,bullet3/examples/pybullet/gym/pybullet_data/cube_rotate.urdf
,bullet3,bullet3,4,5,low,unknown,836,0.0,0.0,0.0,6.283186,0.0,zlib (most files); see LICENSE.txt for exceptions,1,bullet3/examples/pybullet/gym/pybullet_data/cube_no_rotation.urdf
,bullet3,bullet3,8,16,low,tabletop,40736,0.44,0.5233,0.8564,7.379186,0.38,zlib (most files); see LICENSE.txt for exceptions,2,bullet3/data/r2d2.urdf
,gymnasium-robotics,Gymnasium-Robotics,24,30,medium,tabletop,608388,0.1175,0.459,0.2,30.59800000000001,0.0,"MIT (Farama Foundation, 2022)",1,Gymnasium-Robotics/gymnasium_robotics/envs/assets/hand/manipulate_block.xml
,gymnasium-robotics,Gymnasium-Robotics,24,30,medium,tabletop,608388,0.1175,0.459,0.2,30.59800000000001,0.0,"MIT (Farama Foundation, 2022)",1,Gymnasium-Robotics/gymnasium_robotics/envs/assets/hand/manipulate_block_touch_sensors.xml
,gymnasium-robotics,Gymnasium-Robotics,24,30,medium,tabletop,608388,0.1175,0.459,0.2,30.59800000000001,0.0,"MIT (Farama Foundation, 2022)",1,Gymnasium-Robotics/gymnasium_robotics/envs/assets/hand/manipulate_egg.xml
,gymnasium-robotics,Gymnasium-Robotics,24,30,medium,tabletop,608388,0.1175,0.459,0.2,30.59800000000001,0.0,"MIT (Farama Foundation, 2022)",1,Gymnasium-Robotics/gymnasium_robotics/envs/assets/hand/manipulate_egg_touch_sensors.xml
,gymnasium-robotics,Gymnasium-Robotics,24,30,medium,tabletop,608388,0.1175,0.459,0.2,30.59800000000001,0.0,"MIT (Farama Foundation, 2022)",1,Gymnasium-Robotics/gymnasium_robotics/envs/assets/hand/manipulate_pen.xml
,gymnasium-robotics,Gymnasium-Robotics,24,30,medium,tabletop,608388,0.1175,0.459,0.2,30.59800000000001,0.0,"MIT (Farama Foundation, 2022)",1,Gymnasium-Robotics/gymnasium_robotics/envs/assets/hand/manipulate_pen_touch_sensors.xml
,gymnasium-robotics,Gymnasium-Robotics,24,28,medium,tabletop,608388,0.1175,0.459,0.15,30.59800000000001,0.0,"MIT (Farama Foundation, 2022)",1,Gymnasium-Robotics/gymnasium_robotics/envs/assets/hand/reach.xml
,mujoco_menagerie,mujoco_menagerie,8,4,low,unknown,478476,0.0,0.0,0.0,18.849558,7.299999999999999,MIT (Menagerie: umi_gripper),2,mujoco_menagerie/umi_gripper/umi_gripper.xml
,robosuite,robosuite,1,5,low,compact,378444,0.1174,0.0,0.0148,1.57,0.0,"MIT (Stanford VLL + UT Robot Perception, 2022)",1,robosuite/robosuite/models/assets/grippers/bd_gripper.xml
,robosuite,robosuite,2,7,medium,compact,2055768,0.0,0.0545,0.1194,0.0,0.064666,"MIT (Stanford VLL + UT Robot Perception, 2022)",1,robosuite/robosuite/models/assets/grippers/rethink_gripper.xml
,robosuite,robosuite,4,5,medium,tabletop,2553264,0.2,0.0,0.7,6.283186,0.34,"MIT (Stanford VLL + UT Robot Perception, 2022)",1,robosuite/robosuite/models/assets/bases/omron_mobile_base.xml
,robosuite,robosuite,11,21,medium,compact,1846440,0.0188,0.1368,0.1297,17.43,0.0,"MIT (Stanford VLL + UT Robot Perception, 2022)",1,robosuite/robosuite/models/assets/grippers/fourier_left_hand.xml
,robosuite,robosuite,11,21,medium,compact,1838544,0.0188,0.1367,0.1296,17.43,0.0,"MIT (Stanford VLL + UT Robot Perception, 2022)",1,robosuite/robosuite/models/assets/grippers/fourier_right_hand.xml
,robosuite,robosuite,12,21,medium,compact,3979944,0.036,0.124,0.1375,17.170000000000005,0.0,"MIT (Stanford VLL + UT Robot Perception, 2022)",1,robosuite/robosuite/models/assets/grippers/inspire_left_hand.xml
,robosuite,robosuite,12,21,medium,compact,4041336,0.0442,0.1214,0.1375,17.170000000000005,0.0,"MIT (Stanford VLL + UT Robot Perception, 2022)",1,robosuite/robosuite/models/assets/grippers/inspire_right_hand.xml
,robosuite,robosuite,32,46,high,fullsize,7442100,0.049,0.4547,1.4515,87.80879020478639,0.0,"MIT (Stanford VLL + UT Robot Perception, 2022)",1,robosuite/robosuite/models/assets/robots/gr1/robot.xml
,robot-assets,robot-assets,49,50,high,fullsize,18457100,0.4437,0.1892,1.4269,307.876114,0.0,varies by upstream repo (see README.md),2,robot-assets/urdfs/robots/ginger_robot/gingerurdf.urdf
,urdf_files_dataset,urdf_files_dataset,1,6,medium,compact,2529908,0.0,0.0315,0.1327,0.0,0.020833,"MIT (Daniella Tola, 2023)",1,urdf_files_dataset/urdf_files/oems/xacro_generated/grippers_rethink_robotics/rethink_ee_description/urdf/electric_gripper/rethink_electric_gripper.urdf
,urdf_files_dataset,urdf_files_dataset,2,11,low,tabletop,161524,0.3235,0.3,0.234,0.0,0.0,"MIT (Daniella Tola, 2023)",1,urdf_files_dataset/urdf_files/matlab/amr_robots_description/urdf/amrPioneer3DX.urdf
,urdf_files_dataset,urdf_files_dataset,2,4,high,tabletop,18873734,0.075,0.4,0.41,12.566372,0.0,"MIT (Daniella Tola, 2023)",1,urdf_files_dataset/urdf_files/matlab/amr_robots_description/urdf/amrPioneerLX.urdf
,urdf_files_dataset,urdf_files_dataset,2,4,high,tabletop,18873734,0.075,0.4,0.41,12.566372,0.0,"MIT (Daniella Tola, 2023)",1,urdf_files_dataset/urdf_files/oems/pioneer_adept_mobile_robots/description/urdf/pioneer-lx.urdf
,urdf_files_dataset,urdf_files_dataset,2,11,low,tabletop,161524,0.3235,0.3,0.234,0.0,0.0,"MIT (Daniella Tola, 2023)",1,urdf_files_dataset/urdf_files/oems/pioneer_adept_mobile_robots/description/urdf/pioneer3dx.urdf
,urdf_files_dataset,urdf_files_dataset,4,16,low,tabletop,139644,0.38,0.394,0.274,0.0,0.0,"MIT (Daniella Tola, 2023)",1,urdf_files_dataset/urdf_files/matlab/amr_robots_description/urdf/amrPioneer3AT.urdf
,urdf_files_dataset,urdf_files_dataset,4,16,low,tabletop,139644,0.38,0.394,0.274,0.0,0.0,"MIT (Daniella Tola, 2023)",1,urdf_files_dataset/urdf_files/oems/pioneer_adept_mobile_robots/description/urdf/pioneer3at.urdf
,urdf_files_dataset,urdf_files_dataset,4,6,high,tabletop,18161270,0.288,0.0,0.4898,17.887,0.0,"MIT (Daniella Tola, 2023)",1,urdf_files_dataset/urdf_files/oems/qarm_quanser/qarm_description/urdf/QARM.urdf
,urdf_files_dataset,urdf_files_dataset,4,5,medium,compact,2948370,0.1775,0.0,0.2154,12.5663706,0.0,"MIT (Daniella Tola, 2023)",1,urdf_files_dataset/urdf_files/robotics-toolbox/al5d_description/urdf/al5d_robot.urdf
,urdf_files_dataset,urdf_files_dataset,5,9,medium,compact,4082788,0.286,0.042,0.2045,15.173892516837,0.028999999999999998,"MIT (Daniella Tola, 2023)",1,urdf_files_dataset/urdf_files/matlab/open_manipulator_description/urdf/robotisOpenManipulator.urdf
,urdf_files_dataset,urdf_files_dataset,5,9,medium,compact,4082788,0.286,0.042,0.2045,15.173892516838702,0.028999999999999998,"MIT (Daniella Tola, 2023)",1,urdf_files_dataset/urdf_files/oems/xacro_generated/open-manipulator_robotis/open_manipulator_description/urdf/open_manipulator_robot.urdf
,urdf_files_dataset,urdf_files_dataset,6,7,medium,tabletop,4282252,0.2025,0.0,0.308,28.71067096,0.0,"MIT (Daniella Tola, 2023)",1,urdf_files_dataset/urdf_files/matlab/mecademic_description/urdf/meca500r3.urdf
,urdf_files_dataset,urdf_files_dataset,6,7,low,tabletop,406388,0.4318,0.1501,0.6718,21.991148550000002,0.0,"MIT (Daniella Tola, 2023)",1,urdf_files_dataset/urdf_files/robotics-toolbox/puma560_description/urdf/puma560_robot.urdf
,urdf_files_dataset,urdf_files_dataset,10,19,high,tabletop,6377188,0.8044,0.4716,0.352,50.265488,0.0,"MIT (Daniella Tola, 2023)",1,urdf_files_dataset/urdf_files/random/xacro_generated/mir_description/urdf/mir.urdf
,urdf_files_dataset,urdf_files_dataset,24,31,high,tabletop,28701096,0.133,0.2856,0.4007,125.66370720000006,0.0,"MIT (Daniella Tola, 2023)",1,urdf_files_dataset/urdf_files/matlab/robotis_op_description/robots/robotisOP2.urdf
abb,abb,urdf_files_dataset,6,9,medium,tabletop,2001588,0.374,0.0,0.63,28.797926,0.0,"MIT (Daniella Tola, 2023)",1,urdf_files_dataset/urdf_files/matlab/abb_irb120_support/urdf/abbIrb120.urdf
abb,abb,urdf_files_dataset,6,9,medium,tabletop,2001588,0.374,0.0,0.63,28.797926,0.0,"MIT (Daniella Tola, 2023)",1,urdf_files_dataset/urdf_files/matlab/abb_irb120_support/urdf/abbIrb120T.urdf
abb,abb,urdf_files_dataset,6,8,medium,tabletop,961688,0.815,0.0,0.9615,31.64247130718,0.0,"MIT (Daniella Tola, 2023)",1,urdf_files_dataset/urdf_files/matlab/abb_irb1600_support/urdf/abbIrb1600.urdf
abb,abb,urdf_files_dataset,6,10,medium,tabletop,2627538,0.571,0.0,0.899,36.82644721708036,0.0,"MIT (Daniella Tola, 2023)",1,urdf_files_dataset/urdf_files/ros-industrial/xacro_generated/abb/abb_crb15000_support/urdf/crb15000_5_95.urdf
abb,abb,urdf_files_dataset,6,10,high,tabletop,7129427,0.533,0.0,0.8891,41.189,0.0,"MIT (Daniella Tola, 2023)",1,urdf_files_dataset/urdf_files/ros-industrial/xacro_generated/abb/abb_irb1200_support/urdf/irb1200_5_90.urdf
abb,abb,urdf_files_dataset,6,10,high,tabletop,6230612,0.433,0.0,0.7911,41.276,0.0,"MIT (Daniella Tola, 2023)",1,urdf_files_dataset/urdf_files/ros-industrial/xacro_generated/abb/abb_irb1200_support/urdf/irb1200_7_70.urdf
abb,abb,urdf_files_dataset,6,10,medium,tabletop,2001588,0.374,0.0,0.63,28.797926,0.0,"MIT (Daniella Tola, 2023)",1,urdf_files_dataset/urdf_files/ros-industrial/xacro_generated/abb/abb_irb120_support/urdf/irb120_3_58.urdf
abb,abb,urdf_files_dataset,6,10,medium,tabletop,2001588,0.374,0.0,0.63,28.797926,0.0,"MIT (Daniella Tola, 2023)",1,urdf_files_dataset/urdf_files/ros-industrial/xacro_generated/abb/abb_irb120_support/urdf/irb120t_3_58.urdf
abb,abb,urdf_files_dataset,6,10,medium,tabletop,961688,0.815,0.0,0.9615,31.642471307179587,0.0,"MIT (Daniella Tola, 2023)",1,urdf_files_dataset/urdf_files/ros-industrial/xacro_generated/abb/abb_irb1600_support/urdf/irb1600_6_12.urdf
abb,abb,urdf_files_dataset,6,10,medium,fullsize,1175588,0.815,0.0,1.1865,32.63737763397448,0.0,"MIT (Daniella Tola, 2023)",1,urdf_files_dataset/urdf_files/ros-industrial/xacro_generated/abb/abb_irb1600_support/urdf/irb1600_8_145.urdf
abb,abb,urdf_files_dataset,6,10,high,fullsize,13604188,1.03,0.0,1.26,31.414552,0.0,"MIT (Daniella Tola, 2023)",1,urdf_files_dataset/urdf_files/ros-industrial/xacro_generated/abb/abb_irb2600_support/urdf/irb2600_12_165.urdf
abb,abb,urdf_files_dataset,6,9,medium,fullsize,585388,1.72,0.0,1.72,28.272966,0.0,"MIT (Daniella Tola, 2023)",1,urdf_files_dataset/urdf_files/ros-industrial/xacro_generated/abb/abb_irb4400_support/urdf/irb4400l_30_243.urdf
abb,abb,urdf_files_dataset,6,10,medium,fullsize,2542713,1.4905,0.0,1.765,31.764993771937625,0.0,"MIT (Daniella Tola, 2023)",1,urdf_files_dataset/urdf_files/ros-industrial/xacro_generated/abb/abb_irb4600_support/urdf/irb4600_20_250.urdf
abb,abb,urdf_files_dataset,6,10,medium,fullsize,2648259,1.58,0.0,1.765,31.764993771937625,0.0,"MIT (Daniella Tola, 2023)",1,urdf_files_dataset/urdf_files/ros-industrial/xacro_generated/abb/abb_irb4600_support/urdf/irb4600_40_255.urdf
abb,abb,urdf_files_dataset,6,10,medium,fullsize,4162756,1.27,0.0,1.57,31.759372,0.0,"MIT (Daniella Tola, 2023)",1,urdf_files_dataset/urdf_files/ros-industrial/xacro_generated/abb/abb_irb4600_support/urdf/irb4600_60_205.urdf
abb,abb,urdf_files_dataset,6,10,medium,tabletop,1303588,0.815,0.0,0.9615,31.64282003147761,0.0,"MIT (Daniella Tola, 2023)",1,urdf_files_dataset/urdf_files/ros-industrial/xacro_generated/abb/abb_irb52_support/urdf/irb52_7_120.urdf
abb,abb,urdf_files_dataset,6,10,medium,fullsize,1342988,0.815,0.0,1.1865,32.63765770511437,0.0,"MIT (Daniella Tola, 2023)",1,urdf_files_dataset/urdf_files/ros-industrial/xacro_generated/abb/abb_irb52_support/urdf/irb52_7_145.urdf
abb,abb,urdf_files_dataset,6,11,medium,fullsize,1830811,1.948,0.0,2.055,38.13544415,0.0,"MIT (Daniella Tola, 2023)",1,urdf_files_dataset/urdf_files/ros-industrial/xacro_generated/abb/abb_irb6600_support/urdf/irb6600_225_255.urdf
abb,abb,urdf_files_dataset,6,10,medium,fullsize,1621488,2.392,0.0,2.11,41.36430327226561,0.0,"MIT (Daniella Tola, 2023)",1,urdf_files_dataset/urdf_files/ros-industrial/xacro_generated/abb/abb_irb6650s_support/urdf/irb6650s_125_350.urdf
abb,abb,urdf_files_dataset,6,10,medium,huge,1702788,2.842,0.0,2.11,41.36430327226561,0.0,"MIT (Daniella Tola, 2023)",1,urdf_files_dataset/urdf_files/ros-industrial/xacro_generated/abb/abb_irb6650s_support/urdf/irb6650s_90_390.urdf
abb,abb,urdf_files_dataset,6,12,medium,fullsize,3327256,2.0115,0.194,2.105,40.49163864626845,0.0,"MIT (Daniella Tola, 2023)",1,urdf_files_dataset/urdf_files/ros-industrial/xacro_generated/abb/abb_irb6700_support/urdf/irb6700_200_260.urdf
abb,abb,urdf_files_dataset,6,12,medium,fullsize,3060906,2.0515,0.194,2.115,40.49163864626845,0.0,"MIT (Daniella Tola, 2023)",1,urdf_files_dataset/urdf_files/ros-industrial/xacro_generated/abb/abb_irb6700_support/urdf/irb6700_235_265.urdf
abb,abb,urdf_files_dataset,6,11,medium,huge,1491556,3.052,0.0,2.02,39.53170755767157,0.0,"MIT (Daniella Tola, 2023)",1,urdf_files_dataset/urdf_files/ros-industrial/xacro_generated/abb/abb_irb7600_support/urdf/irb7600_150_350.urdf
abb,yumi,robot-assets,16,23,high,tabletop,58553714,0.6171,0.3337,0.6576,81.27998326537602,0.05,varies by upstream repo (see README.md),3,robot-assets/urdfs/robots/yumi/yumi.urdf
abb,yumi,urdf_files_dataset,16,22,high,tabletop,58553714,0.6171,0.3337,0.5576,81.27998326537602,0.05,"MIT (Daniella Tola, 2023)",1,urdf_files_dataset/urdf_files/matlab/yumi_description/urdf/abbYuMi.urdf
agile_x,arx,mujoco_menagerie,8,10,medium,tabletop,2592696,0.4308,0.0498,0.2469,25.64,0.088,BSD-3-Clause (Menagerie: arx_l5),2,mujoco_menagerie/arx_l5/arx_l5.xml
agilex,piper,mujoco_menagerie,8,10,high,tabletop,8459940,0.4731,0.0014,0.2152,23.457,0.07,MIT (Menagerie: agilex_piper),2,mujoco_menagerie/agilex_piper/piper.xml
agility,cassie,mujoco_menagerie,20,26,medium,fullsize,1709748,0.4053,0.27,1.0145,50.24803193619841,0.0,Unknown (Menagerie: agility_cassie),2,mujoco_menagerie/agility_cassie/cassie.xml
anybotics,anymal,mujoco_menagerie,12,14,high,tabletop,10701792,0.681,0.532,0.25,75.398232,0.0,BSD-3-Clause (Menagerie: anybotics_anymal_b),2,mujoco_menagerie/anybotics_anymal_b/anymal_b.xml
anybotics,anymal,mujoco_menagerie,12,14,medium,tabletop,927204,0.7196,0.5762,0.285,55.105488,0.0,BSD-3-Clause (Menagerie: anybotics_anymal_c),4,mujoco_menagerie/anybotics_anymal_c/anymal_c.xml
anybotics,anymal,urdf_files_dataset,12,22,high,tabletop,34173651,0.881,0.532,0.5713,75.398232,0.0,"MIT (Daniella Tola, 2023)",1,urdf_files_dataset/urdf_files/oems/anymal_anybotics/anymal_b_simple_description/urdf/anymal.urdf
apptronik,apollo,mujoco_menagerie,32,37,high,fullsize,26034108,0.2516,0.5343,1.6406,61.077498999999996,0.0,Apache-2.0 (Menagerie: apptronik_apollo),2,mujoco_menagerie/apptronik_apollo/apptronik_apollo.xml
booster_robotics,booster_t1,mujoco_menagerie,23,25,medium,tabletop,3033408,0.0625,0.7218,0.9482,60.65,0.0,Apache-2.0 (Menagerie: booster_t1),2,mujoco_menagerie/booster_t1/t1.xml
boston_dynamics,spot,robosuite,6,10,medium,tabletop,1173372,0.7418,0.0,0.075,27.576198999999995,0.0,"MIT (Stanford VLL + UT Robot Perception, 2022)",1,robosuite/robosuite/models/assets/robots/spot_arm/robot.xml
boston_dynamics,spot,urdf_files_dataset,7,8,low,tabletop,178772,0.8941,0.8235,0.115,28.972465,0.0,"MIT (Daniella Tola, 2023)",1,urdf_files_dataset/urdf_files/random/spot_ros/spot_description/urdf/spot_arm.urdf
boston_dynamics,spot,mujoco_menagerie,12,14,high,tabletop,6113664,0.6207,0.3316,0.32,29.173725,0.0,BSD-3-Clause (Menagerie: boston_dynamics_spot),4,mujoco_menagerie/boston_dynamics_spot/spot.xml
boston_dynamics,spot,urdf_files_dataset,12,13,medium,tabletop,633915,0.6207,0.3316,0.32,29.17371890062846,0.0,"MIT (Daniella Tola, 2023)",1,urdf_files_dataset/urdf_files/oems/spot_boston_dynamics/spot_base_urdf/model.urdf
boston_dynamics,spot,mujoco_menagerie,19,22,high,fullsize,7665480,1.4491,0.3316,0.5978,58.319924,0.0,BSD-3-Clause (Menagerie: boston_dynamics_spot),2,mujoco_menagerie/boston_dynamics_spot/spot_arm.xml
clearpath,husky,urdf_files_dataset,4,15,high,tabletop,13657899,0.96,0.5708,0.3837,25.132744,0.0,"MIT (Daniella Tola, 2023)",1,urdf_files_dataset/urdf_files/matlab/husky_description/urdf/clearpathHusky.urdf
clearpath,jackal,urdf_files_dataset,4,13,medium,tabletop,592988,0.311,0.3756,0.184,25.132744,0.0,"MIT (Daniella Tola, 2023)",1,urdf_files_dataset/urdf_files/matlab/jackal_description/urdf/clearpathJackal.urdf
clearpath,jackal,urdf_files_dataset,4,13,medium,tabletop,592988,0.311,0.3756,0.184,25.132744,0.0,"MIT (Daniella Tola, 2023)",1,urdf_files_dataset/urdf_files/oems/xacro_generated/jackal_clearpath_robotics/jackal_description/urdf/jackal.urdf
fanuc,crx,urdf_files_dataset,6,10,medium,tabletop,1224688,0.7,0.15,0.955,41.538836197465045,0.0,"MIT (Daniella Tola, 2023)",1,urdf_files_dataset/urdf_files/ros-industrial/xacro_generated/fanuc/fanuc_crx10ia_support/urdf/crx10ial.urdf
fanuc,fanuc,urdf_files_dataset,5,9,medium,tabletop,653504,0.4825,0.0,0.705,26.389586,0.0,"MIT (Daniella Tola, 2023)",1,urdf_files_dataset/urdf_files/ros-industrial/xacro_generated/fanuc/fanuc_lrmate200ic_support/urdf/lrmate200ic5f.urdf
fanuc,fanuc,urdf_files_dataset,5,9,medium,tabletop,653504,0.475,0.0,0.705,26.389586,0.0,"MIT (Daniella Tola, 2023)",1,urdf_files_dataset/urdf_files/ros-industrial/xacro_generated/fanuc/fanuc_lrmate200ic_support/urdf/lrmate200ic5h.urdf
fanuc,fanuc,urdf_files_dataset,5,9,medium,tabletop,653504,0.475,0.0,0.705,26.389586,0.0,"MIT (Daniella Tola, 2023)",1,urdf_files_dataset/urdf_files/ros-industrial/xacro_generated/fanuc/fanuc_lrmate200ic_support/urdf/lrmate200ic5hs.urdf
fanuc,fanuc,urdf_files_dataset,5,9,medium,tabletop,732288,0.368,0.0,0.61,31.485739705977704,0.0,"MIT (Daniella Tola, 2023)",1,urdf_files_dataset/urdf_files/ros-industrial/xacro_generated/fanuc/fanuc_lrmate200id_support/urdf/lrmate200id4sh.urdf
fanuc,fanuc,urdf_files_dataset,5,9,medium,tabletop,1257188,0.465,0.0,0.695,31.939525311496233,0.0,"MIT (Daniella Tola, 2023)",1,urdf_files_dataset/urdf_files/ros-industrial/xacro_generated/fanuc/fanuc_lrmate200id_support/urdf/lrmate200id7h.urdf
fanuc,fanuc,urdf_files_dataset,5,9,low,fullsize,331704,0.0,0.095,1.405,31.643,0.0,"MIT (Daniella Tola, 2023)",1,urdf_files_dataset/urdf_files/ros-industrial/xacro_generated/fanuc/fanuc_m430ia_support/urdf/m430ia2f.urdf
fanuc,fanuc,urdf_files_dataset,6,10,medium,tabletop,1261788,0.52,0.0,0.675,37.695,0.0,"MIT (Daniella Tola, 2023)",1,urdf_files_dataset/urdf_files/matlab/fanuc_lrmate200ib_support/urdf/fanucLRMate200ib.urdf
fanuc,fanuc,urdf_files_dataset,6,8,low,fullsize,153488,0.99,0.1876,1.395,36.477686,0.0,"MIT (Daniella Tola, 2023)",1,urdf_files_dataset/urdf_files/matlab/fanuc_m16ib_support/urdf/fanucM16ib.urdf
fanuc,fanuc,urdf_files_dataset,6,10,medium,fullsize,2744788,1.11,0.0,2.12,30.418686000000005,0.0,"MIT (Daniella Tola, 2023)",1,urdf_files_dataset/urdf_files/ros-industrial/xacro_generated/fanuc/fanuc_cr35ia_support/urdf/cr35ia.urdf
fanuc,fanuc,urdf_files_dataset,6,10,low,tabletop,112588,0.465,0.0,0.822,32.456286,0.0,"MIT (Daniella Tola, 2023)",1,urdf_files_dataset/urdf_files/ros-industrial/xacro_generated/fanuc/fanuc_cr7ia_support/urdf/cr7ia.urdf
fanuc,fanuc,urdf_files_dataset,6,10,low,tabletop,112588,0.55,0.0,0.932,32.633886,0.0,"MIT (Daniella Tola, 2023)",1,urdf_files_dataset/urdf_files/ros-industrial/xacro_generated/fanuc/fanuc_cr7ia_support/urdf/cr7ial.urdf
fanuc,fanuc,urdf_files_dataset,6,10,low,tabletop,214488,0.52,0.0,0.675,37.68,0.0,"MIT (Daniella Tola, 2023)",1,urdf_files_dataset/urdf_files/ros-industrial/xacro_generated/fanuc/fanuc_lrmate200i_support/urdf/lrmate200i.urdf
fanuc,fanuc,urdf_files_dataset,6,10,medium,tabletop,1261788,0.52,0.0,0.675,37.695,0.0,"MIT (Daniella Tola, 2023)",1,urdf_files_dataset/urdf_files/ros-industrial/xacro_generated/fanuc/fanuc_lrmate200ib_support/urdf/lrmate200ib.urdf
fanuc,fanuc,urdf_files_dataset,6,10,medium,tabletop,1256788,0.68,0.0,0.675,37.262100000000004,0.0,"MIT (Daniella Tola, 2023)",1,urdf_files_dataset/urdf_files/ros-industrial/xacro_generated/fanuc/fanuc_lrmate200ib_support/urdf/lrmate200ib3l.urdf
fanuc,fanuc,urdf_files_dataset,6,10,medium,tabletop,1018288,0.475,0.0,0.705,33.021786,0.0,"MIT (Daniella Tola, 2023)",1,urdf_files_dataset/urdf_files/ros-industrial/xacro_generated/fanuc/fanuc_lrmate200ic_support/urdf/lrmate200ic.urdf
fanuc,fanuc,urdf_files_dataset,6,10,medium,tabletop,630988,0.565,0.0,0.805,33.650086,0.0,"MIT (Daniella Tola, 2023)",1,urdf_files_dataset/urdf_files/ros-industrial/xacro_generated/fanuc/fanuc_lrmate200ic_support/urdf/lrmate200ic5l.urdf
fanuc,fanuc,urdf_files_dataset,6,10,medium,tabletop,1257188,0.465,0.0,0.695,38.571776469074685,0.0,"MIT (Daniella Tola, 2023)",1,urdf_files_dataset/urdf_files/ros-industrial/xacro_generated/fanuc/fanuc_lrmate200id_support/urdf/lrmate200id.urdf
fanuc,fanuc,urdf_files_dataset,6,10,medium,tabletop,732288,0.36,0.0,0.61,38.11799086355616,0.0,"MIT (Daniella Tola, 2023)",1,urdf_files_dataset/urdf_files/ros-industrial/xacro_generated/fanuc/fanuc_lrmate200id_support/urdf/lrmate200id4s.urdf
fanuc,fanuc,urdf_files_dataset,6,10,medium,tabletop,732288,0.37,0.0,0.61,38.04817769347638,0.0,"MIT (Daniella Tola, 2023)",1,urdf_files_dataset/urdf_files/ros-industrial/xacro_generated/fanuc/fanuc_lrmate200id_support/urdf/lrmate200id4sc.urdf
fanuc,fanuc,urdf_files_dataset,6,10,medium,tabletop,1105888,0.55,0.0,0.805,38.71140280923423,0.0,"MIT (Daniella Tola, 2023)",1,urdf_files_dataset/urdf_files/ros-industrial/xacro_generated/fanuc/fanuc_lrmate200id_support/urdf/lrmate200id7l.urdf
fanuc,fanuc,urdf_files_dataset,6,10,medium,tabletop,1105888,0.562,0.0,0.805,38.71140280923423,0.0,"MIT (Daniella Tola, 2023)",1,urdf_files_dataset/urdf_files/ros-industrial/xacro_generated/fanuc/fanuc_lrmate200id_support/urdf/lrmate200id7lc.urdf
fanuc,fanuc,urdf_files_dataset,6,10,low,fullsize,347288,0.89,0.0,1.25,44.190000000000005,0.0,"MIT (Daniella Tola, 2023)",1,urdf_files_dataset/urdf_files/ros-industrial/xacro_generated/fanuc/fanuc_m10ia_support/urdf/m10ia.urdf
fanuc,fanuc,urdf_files_dataset,6,10,low,fullsize,180188,1.11,0.0,1.25,43.894000000000005,0.0,"MIT (Daniella Tola, 2023)",1,urdf_files_dataset/urdf_files/ros-industrial/xacro_generated/fanuc/fanuc_m10ia_support/urdf/m10ia7l.urdf
fanuc,fanuc,urdf_files_dataset,6,10,low,fullsize,319488,0.99,0.0,1.395,36.477686,0.0,"MIT (Daniella Tola, 2023)",1,urdf_files_dataset/urdf_files/ros-industrial/xacro_generated/fanuc/fanuc_m16ib_support/urdf/m16ib20.urdf
fanuc,fanuc,urdf_files_dataset,6,10,medium,fullsize,602488,1.085,0.0,1.565,39.760694,0.0,"MIT (Daniella Tola, 2023)",1,urdf_files_dataset/urdf_files/ros-industrial/xacro_generated/fanuc/fanuc_m20ia_support/urdf/m20ia.urdf
fanuc,fanuc,urdf_files_dataset,6,10,medium,fullsize,630588,1.04,0.0,1.675,40.12511950334964,0.0,"MIT (Daniella Tola, 2023)",1,urdf_files_dataset/urdf_files/ros-industrial/xacro_generated/fanuc/fanuc_m20ib_support/urdf/m20ib25.urdf
fanuc,fanuc,urdf_files_dataset,6,10,low,fullsize,415388,0.0,0.095,1.175,38.580000000000005,0.0,"MIT (Daniella Tola, 2023)",1,urdf_files_dataset/urdf_files/ros-industrial/xacro_generated/fanuc/fanuc_m430ia_support/urdf/m430ia2p.urdf
fanuc,fanuc,urdf_files_dataset,6,10,low,fullsize,93888,0.865,0.0,1.15,40.3164,0.0,"MIT (Daniella Tola, 2023)",1,urdf_files_dataset/urdf_files/ros-industrial/xacro_generated/fanuc/fanuc_m6ib_support/urdf/m6ib.urdf
fanuc,fanuc,urdf_files_dataset,6,10,low,tabletop,109988,0.68,0.0,0.91,39.7928,0.0,"MIT (Daniella Tola, 2023)",1,urdf_files_dataset/urdf_files/ros-industrial/xacro_generated/fanuc/fanuc_m6ib_support/urdf/m6ib6s.urdf
fanuc,fanuc,urdf_files_dataset,6,10,low,fullsize,158788,1.62,0.0,1.885,34.8193199629277,0.0,"MIT (Daniella Tola, 2023)",1,urdf_files_dataset/urdf_files/ros-industrial/xacro_generated/fanuc/fanuc_m710ic_support/urdf/m710ic45m.urdf
fanuc,fanuc,urdf_files_dataset,6,10,low,fullsize,73288,1.341,0.0,1.605,47.384600000000006,0.0,"MIT (Daniella Tola, 2023)",1,urdf_files_dataset/urdf_files/ros-industrial/xacro_generated/fanuc/fanuc_m710ic_support/urdf/m710ic50.urdf
fanuc,fanuc,urdf_files_dataset,6,12,low,fullsize,174756,2.375,0.17,2.2,42.084705,0.0,"MIT (Daniella Tola, 2023)",1,urdf_files_dataset/urdf_files/ros-industrial/xacro_generated/fanuc/fanuc_m900ia_support/urdf/m900ia260l.urdf
fanuc,fanuc,urdf_files_dataset,6,16,low,fullsize,220292,2.335,0.08,2.31,41.15410000000001,0.0,"MIT (Daniella Tola, 2023)",1,urdf_files_dataset/urdf_files/ros-industrial/xacro_generated/fanuc/fanuc_m900ib_support/urdf/m900ib700.urdf
fanuc,fanuc,urdf_files_dataset,6,10,low,fullsize,98338,1.51,0.0,1.545,46.337500000000006,0.0,"MIT (Daniella Tola, 2023)",1,urdf_files_dataset/urdf_files/ros-industrial/xacro_generated/fanuc/fanuc_r1000ia_support/urdf/r1000ia80f.urdf
fanuc,fanuc,urdf_files_dataset,6,10,low,fullsize,118888,1.827,0.0,1.97,44.470989340815514,0.0,"MIT (Daniella Tola, 2023)",1,urdf_files_dataset/urdf_files/ros-industrial/xacro_generated/fanuc/fanuc_r2000ib_support/urdf/r2000ib210f.urdf
fanuc,fanuc,urdf_files_dataset,6,10,low,fullsize,139988,2.257,0.0,1.97,43.58087142229841,0.0,"MIT (Daniella Tola, 2023)",1,urdf_files_dataset/urdf_files/ros-industrial/xacro_generated/fanuc/fanuc_r2000ic_support/urdf/r2000ic125l.urdf
fanuc,fanuc,urdf_files_dataset,6,10,low,fullsize,142388,1.807,0.0,1.97,43.77285764001778,0.0,"MIT (Daniella Tola, 2023)",1,urdf_files_dataset/urdf_files/ros-industrial/xacro_generated/fanuc/fanuc_r2000ic_support/urdf/r2000ic165f.urdf
fanuc,fanuc,urdf_files_dataset,6,10,low,fullsize,142388,1.807,0.0,1.97,43.77285764001778,0.0,"MIT (Daniella Tola, 2023)",1,urdf_files_dataset/urdf_files/ros-industrial/xacro_generated/fanuc/fanuc_r2000ic_support/urdf/r2000ic210f.urdf
fanuc,fanuc,urdf_files_dataset,6,10,low,fullsize,222488,2.282,0.0,1.97,43.58087142229841,0.0,"MIT (Daniella Tola, 2023)",1,urdf_files_dataset/urdf_files/ros-industrial/xacro_generated/fanuc/fanuc_r2000ic_support/urdf/r2000ic210l.urdf
fanuc,fanuc,urdf_files_dataset,6,10,low,fullsize,67188,1.832,0.0,1.97,43.77285764001778,0.0,"MIT (Daniella Tola, 2023)",1,urdf_files_dataset/urdf_files/ros-industrial/xacro_generated/fanuc/fanuc_r2000ic_support/urdf/r2000ic270f.urdf
fetch_robotics,fetch,urdf_files_dataset,2,7,high,tabletop,5722640,0.3891,0.4263,0.3113,0.0,0.0,"MIT (Daniella Tola, 2023)",1,urdf_files_dataset/urdf_files/robotics-toolbox/fetch_description/robots/freight.urdf
fetch_robotics,fetch,urdf_files_dataset,5,7,high,fullsize,9083957,0.2507,0.0,1.0609,11.633185999999998,10.38615,"MIT (Daniella Tola, 2023)",1,urdf_files_dataset/urdf_files/robotics-toolbox/fetch_description/robots/fetch_camera.urdf
fetch_robotics,fetch,urdf_files_dataset,10,19,high,fullsize,16559578,1.2528,0.2543,0.786,21.055386,10.38615,"MIT (Daniella Tola, 2023)",1,urdf_files_dataset/urdf_files/robotics-toolbox/fetch_description/robots/fetch.urdf
fetch_robotics,fetch,Gymnasium-Robotics,15,33,medium,fullsize,621060,1.4699,0.75,1.0609,38.971758,0.44749999999999995,"MIT (Farama Foundation, 2022)",1,Gymnasium-Robotics/gymnasium_robotics/envs/assets/fetch/pick_and_place.xml
fetch_robotics,fetch,Gymnasium-Robotics,15,33,medium,fullsize,621060,1.4699,0.75,1.0609,38.971758,0.44749999999999995,"MIT (Farama Foundation, 2022)",1,Gymnasium-Robotics/gymnasium_robotics/envs/assets/fetch/push.xml
fetch_robotics,fetch,Gymnasium-Robotics,15,32,medium,fullsize,621060,1.4699,0.75,1.0609,38.971758,0.44749999999999995,"MIT (Farama Foundation, 2022)",1,Gymnasium-Robotics/gymnasium_robotics/envs/assets/fetch/reach.xml
fetch_robotics,fetch,Gymnasium-Robotics,15,33,medium,fullsize,621060,1.4699,0.7502,1.0609,38.971758,0.44749999999999995,"MIT (Farama Foundation, 2022)",1,Gymnasium-Robotics/gymnasium_robotics/envs/assets/fetch/slide.xml
flexiv,flexiv,mujoco_menagerie,7,9,medium,fullsize,971436,0.02,0.113,1.255,39.636300000000006,0.0,Unknown (Menagerie: flexiv_rizon4),2,mujoco_menagerie/flexiv_rizon4/flexiv_rizon4.xml
fourier_intelligence,fourier_n1,mujoco_menagerie,23,30,high,fullsize,22790376,0.205,0.3513,1.12,76.06840000000001,0.0,Apache-2.0 (Menagerie: fourier_n1),2,mujoco_menagerie/fourier_n1/n1.xml
franka,franka,mujoco_menagerie,7,10,high,fullsize,6999180,0.088,0.0,1.033,33.3637,0.0,Apache-2.0 (Menagerie: franka_fr3),3,mujoco_menagerie/franka_fr3/fr3.xml
franka,franka,mujoco_menagerie,7,11,high,fullsize,7336332,0.088,0.0,1.033,33.3637,0.0,Apache-2.0 (Menagerie: franka_fr3_v2),2,mujoco_menagerie/franka_fr3_v2/fr3v2.xml
franka,franka,urdf_files_dataset,10,15,high,fullsize,27030071,0.238,0.0,1.413,39.759186,10.04,"MIT (Daniella Tola, 2023)",1,urdf_files_dataset/urdf_files/robotics-toolbox/xacro_generated/franka_description/robots/frankie.urdf
franka,franka,Gymnasium-Robotics,23,44,medium,huge,2576304,1.705,1.334,2.921,45.35980000000001,0.606,"MIT (Farama Foundation, 2022)",1,Gymnasium-Robotics/gymnasium_robotics/envs/assets/kitchen_franka/kitchen_assets/kitchen_env_model.xml
franka,panda,robosuite,1,3,medium,compact,651195,0.0,0.0,0.0584,0.0,0.04,"MIT (Stanford VLL + UT Robot Perception, 2022)",1,robosuite/robosuite/models/assets/bullet_data/panda_description/urdf/hand.urdf
franka,panda,mujoco_menagerie,2,4,low,compact,367320,0.0,0.0,0.0584,0.0,0.08,Apache-2.0 (Menagerie: franka_emika_panda),2,mujoco_menagerie/franka_emika_panda/hand.xml
franka,panda,robosuite,2,7,low,compact,144876,0.0,0.017,0.1084,0.0,0.08,"MIT (Stanford VLL + UT Robot Perception, 2022)",1,robosuite/robosuite/models/assets/grippers/panda_gripper.xml
franka,panda,mujoco_menagerie,7,9,high,fullsize,6033252,0.088,0.0,1.033,33.476,0.0,Apache-2.0 (Menagerie: franka_emika_panda),2,mujoco_menagerie/franka_emika_panda/mjx_panda_nohand.xml
franka,panda,robosuite,7,9,high,fullsize,9914827,0.088,0.0,1.033,33.476,0.0,"MIT (Stanford VLL + UT Robot Perception, 2022)",1,robosuite/robosuite/models/assets/bullet_data/panda_description/urdf/panda_arm.urdf
franka,panda,robosuite,7,11,high,fullsize,5590944,0.088,0.0,1.033,33.476,0.0,"MIT (Stanford VLL + UT Robot Perception, 2022)",2,robosuite/robosuite/models/assets/robots/panda/robot.xml
franka,panda,robosuite,8,12,high,fullsize,10566022,0.088,0.0,1.033,33.476,0.04,"MIT (Stanford VLL + UT Robot Perception, 2022)",1,robosuite/robosuite/models/assets/bullet_data/panda_description/urdf/panda_arm_hand.urdf
franka,panda,urdf_files_dataset,8,12,high,fullsize,10566022,0.088,0.0,1.033,33.476,0.04,"MIT (Daniella Tola, 2023)",1,urdf_files_dataset/urdf_files/matlab/franka_description/robots/frankaEmikaPanda.urdf
franka,panda,urdf_files_dataset,8,12,high,fullsize,10569444,0.088,0.0,1.033,33.476,0.04,"MIT (Daniella Tola, 2023)",2,urdf_files_dataset/urdf_files/robotics-toolbox/xacro_generated/franka_description/robots/panda.urdf
franka,panda,mujoco_menagerie,9,12,high,fullsize,6400572,0.088,0.0,1.033,33.476,0.08,Apache-2.0 (Menagerie: franka_emika_panda),7,mujoco_menagerie/franka_emika_panda/mjx_panda.xml
franka,panda,urdf_files_dataset,16,45,high,fullsize,21138888,0.088,1.0,2.033,66.95200000000001,0.08,"MIT (Daniella Tola, 2023)",1,urdf_files_dataset/urdf_files/oems/xacro_generated/franka_emika/franka_description/robots/dual_panda/dual_panda.urdf
ghost_robotics,minitaur,bullet3,1,4,low,compact,7929,0.21,0.2249,0.0022,0.0,0.0,zlib (most files); see LICENSE.txt for exceptions,2,bullet3/data/quadruped/minitaur_single_motor.urdf
ghost_robotics,minitaur,bullet3,8,27,low,tabletop,63432,0.42,0.2498,0.118,0.0,0.0,zlib (most files); see LICENSE.txt for exceptions,2,bullet3/data/quadruped/minitaur_fixed_knees.urdf
ghost_robotics,minitaur,bullet3,16,27,low,tabletop,63432,0.42,0.2498,0.118,0.0,0.0,zlib (most files); see LICENSE.txt for exceptions,2,bullet3/data/quadruped/minitaur.urdf
ghost_robotics,minitaur,bullet3,16,27,low,tabletop,63432,0.4054,0.2983,0.1039,0.0,0.0,zlib (most files); see LICENSE.txt for exceptions,2,bullet3/data/quadruped/minitaur_derpy.urdf
ghost_robotics,minitaur,bullet3,16,27,low,tabletop,63432,0.475,0.308,0.101,0.0,0.0,zlib (most files); see LICENSE.txt for exceptions,2,bullet3/data/quadruped/minitaur_rainbow_dash.urdf
ghost_robotics,minitaur,bullet3,16,27,low,tabletop,63432,0.42,0.2498,0.118,0.0,0.0,zlib (most files); see LICENSE.txt for exceptions,2,bullet3/data/quadruped/minitaur_v1.urdf
ghost_robotics,minitaur,bullet3,20,31,low,tabletop,63432,0.475,0.308,0.101,0.0,0.16,zlib (most files); see LICENSE.txt for exceptions,2,bullet3/data/quadruped/minitaur_rainbow_dash_v1.urdf
ghost_robotics,vision60,bullet3,16,23,low,tabletop,172236,0.475,0.253,0.191,0.0,0.0,zlib (most files); see LICENSE.txt for exceptions,1,bullet3/data/quadruped/vision/vision60.urdf
google,aloha,mujoco_menagerie,16,21,medium,tabletop,2972796,0.938,0.0382,0.4412,58.852340000000005,0.164,BSD-3-Clause (Menagerie: aloha),2,mujoco_menagerie/aloha/aloha.xml
google,barkour,mujoco_menagerie,12,14,medium,tabletop,3750780,0.5992,0.3138,0.0508,36.26766,0.0,Apache-2.0 (Menagerie: google_barkour_v0),5,mujoco_menagerie/google_barkour_v0/barkour_v0.xml
google,barkour,mujoco_menagerie,12,16,medium,tabletop,1387056,0.7444,0.3812,0.1213,36.45576,0.0,Apache-2.0 (Menagerie: google_barkour_vb),6,mujoco_menagerie/google_barkour_vb/barkour_vb.xml
google,google_robot,mujoco_menagerie,9,13,low,fullsize,291672,0.0,0.403,1.6843,41.2,0.0,Apache-2.0 (Menagerie: google_robot),2,mujoco_menagerie/google_robot/robot.xml
hello_robot,stretch,mujoco_menagerie,17,27,high,fullsize,12160932,0.2056,0.5107,1.3584,53.569116,1.6649999999999996,BSD-3-Clause (Menagerie: hello_robot_stretch),2,mujoco_menagerie/hello_robot_stretch/stretch.xml
hello_robot,stretch,mujoco_menagerie,20,38,high,fullsize,13014276,0.2056,0.5852,1.3584,64.729116,1.6799999999999997,Apache-2.0 (Menagerie: hello_robot_stretch_3),2,mujoco_menagerie/hello_robot_stretch_3/stretch.xml
i2rt,yam,mujoco_menagerie,8,14,medium,tabletop,1881660,0.4148,0.074,0.2035,23.474700000000002,0.07914800000000001,MIT (Menagerie: i2rt_yam),2,mujoco_menagerie/i2rt_yam/yam.xml
iit,softfoot,mujoco_menagerie,92,50,medium,compact,1142148,0.2048,0.074,0.0847,94.24778030051425,0.0,BSD-3-Clause (Menagerie: iit_softfoot),1,mujoco_menagerie/iit_softfoot/softfoot.xml
iit,softfoot,mujoco_menagerie,93,51,medium,compact,1142148,0.2048,0.074,0.0847,94.24778030051425,0.0,BSD-3-Clause (Menagerie: iit_softfoot),1,mujoco_menagerie/iit_softfoot/scene.xml
kinova,jaco,robosuite,6,10,medium,compact,594264,0.0535,0.1074,0.1775,0.1837831702350029,0.0,"MIT (Stanford VLL + UT Robot Perception, 2022)",1,robosuite/robosuite/models/assets/grippers/jaco_three_finger_gripper.xml
kinova,jaco,robosuite,7,11,medium,tabletop,1108656,0.0,0.0114,0.41,39.02557,0.0,"MIT (Stanford VLL + UT Robot Perception, 2022)",1,robosuite/robosuite/models/assets/robots/jaco/robot.xml
kinova,kinova,robot-assets,6,15,high,tabletop,7600905,0.1356,0.0025,0.41,34.348081757706005,0.0,varies by upstream repo (see README.md),2,robot-assets/urdfs/robots/kinova/kinova.urdf
kinova,kinova,urdf_files_dataset,6,12,high,compact,7717584,0.0025,0.1356,0.29,26.165682885965,0.0,"MIT (Daniella Tola, 2023)",1,urdf_files_dataset/urdf_files/matlab/kinova_description/urdf/kinovaMicoM1N4S200.urdf
kinova,kinova,mujoco_menagerie,7,9,medium,fullsize,1567104,0.0,0.0249,1.1259,38.932744,0.0,BSD-3-Clause (Menagerie: kinova_gen3),2,mujoco_menagerie/kinova_gen3/gen3.xml
kinova,kinova,robosuite,7,11,medium,fullsize,1567104,0.0,0.0249,1.1874,39.732744000000004,0.0,"MIT (Stanford VLL + UT Robot Perception, 2022)",1,robosuite/robosuite/models/assets/robots/kinova3/robot.xml
kinova,kinova,urdf_files_dataset,8,14,high,tabletop,8225881,0.0025,0.1419,0.4956,39.395280001724004,0.0,"MIT (Daniella Tola, 2023)",1,urdf_files_dataset/urdf_files/matlab/kinova_description/urdf/kinovaJacoJ2N6S200.urdf
kinova,kinova,urdf_files_dataset,8,14,high,tabletop,8300022,0.0025,0.1419,0.4114,38.732054885965,0.0,"MIT (Daniella Tola, 2023)",1,urdf_files_dataset/urdf_files/matlab/kinova_description/urdf/kinovaMicoM1N6S200.urdf
kinova,kinova,urdf_files_dataset,8,12,high,compact,7945149,0.0025,0.1356,0.29,16.61931088596881,0.0,"MIT (Daniella Tola, 2023)",1,urdf_files_dataset/urdf_files/oems/xacro_generated/kinova_robotics/kinova_description/urdf/m1n4s200_standalone.urdf
kinova,kinova,urdf_files_dataset,9,16,high,tabletop,6743450,0.0581,0.1374,0.4956,41.395280001724004,0.0,"MIT (Daniella Tola, 2023)",1,urdf_files_dataset/urdf_files/matlab/kinova_description/urdf/kinovaJacoJ2N6S300.urdf
kinova,kinova,urdf_files_dataset,9,16,high,tabletop,7342101,0.0581,0.1306,0.41,40.348081757706005,0.0,"MIT (Daniella Tola, 2023)",1,urdf_files_dataset/urdf_files/matlab/kinova_description/urdf/kinovaJacoJ2S6S300.urdf
kinova,kinova,urdf_files_dataset,9,16,high,tabletop,6817591,0.0581,0.1374,0.4114,40.732054885965,0.0,"MIT (Daniella Tola, 2023)",1,urdf_files_dataset/urdf_files/matlab/kinova_description/urdf/kinovaMicoM1N6S300.urdf
kinova,kinova,urdf_files_dataset,10,17,high,tabletop,7098269,0.0581,0.1374,0.4956,47.887905511964,0.0,"MIT (Daniella Tola, 2023)",1,urdf_files_dataset/urdf_files/matlab/kinova_description/urdf/kinovaJacoJ2N7S300.urdf
kinova,kinova,urdf_files_dataset,10,17,high,tabletop,7696920,0.0581,0.1306,0.41,45.025564845865006,0.0,"MIT (Daniella Tola, 2023)",1,urdf_files_dataset/urdf_files/matlab/kinova_description/urdf/kinovaJacoJ2S7S300.urdf
kinova,kinova,urdf_files_dataset,10,14,high,tabletop,6625346,0.0581,0.1312,0.41,20.79253600172666,0.0,"MIT (Daniella Tola, 2023)",1,urdf_files_dataset/urdf_files/oems/xacro_generated/kinova_robotics/kinova_description/urdf/j2n4s300_standalone.urdf
kinova,kinova,urdf_files_dataset,10,14,high,tabletop,8599240,0.0025,0.1419,0.4956,17.28253600172666,0.0,"MIT (Daniella Tola, 2023)",1,urdf_files_dataset/urdf_files/oems/xacro_generated/kinova_robotics/kinova_description/urdf/j2n6s200_standalone.urdf
kinova,kinova,urdf_files_dataset,10,14,high,tabletop,9154797,0.0025,0.1356,0.41,22.518523757709648,0.0,"MIT (Daniella Tola, 2023)",1,urdf_files_dataset/urdf_files/oems/xacro_generated/kinova_robotics/kinova_description/urdf/j2s6s200_standalone.urdf
kinova,kinova,urdf_files_dataset,10,14,high,tabletop,8595667,0.0025,0.1419,0.4114,16.61931088596881,0.0,"MIT (Daniella Tola, 2023)",1,urdf_files_dataset/urdf_files/oems/xacro_generated/kinova_robotics/kinova_description/urdf/m1n6s200_standalone.urdf
kinova,kinova,urdf_files_dataset,10,14,high,tabletop,6625346,0.0581,0.1306,0.41,33.35890800172666,0.0,"MIT (Daniella Tola, 2023)",1,urdf_files_dataset/urdf_files/robotics-toolbox/xacro_generated/kinova_description/urdf/j2n4s300.urdf
kinova,kinova,urdf_files_dataset,12,16,high,tabletop,7275864,0.0581,0.1374,0.4956,20.79253600172666,0.0,"MIT (Daniella Tola, 2023)",1,urdf_files_dataset/urdf_files/oems/xacro_generated/kinova_robotics/kinova_description/urdf/j2n6s300_standalone.urdf
kinova,kinova,urdf_files_dataset,12,16,high,tabletop,7831421,0.0581,0.1312,0.41,26.02852375770965,0.0,"MIT (Daniella Tola, 2023)",1,urdf_files_dataset/urdf_files/oems/xacro_generated/kinova_robotics/kinova_description/urdf/j2s6s300_standalone.urdf
kinova,kinova,urdf_files_dataset,12,16,high,tabletop,7272291,0.0581,0.1374,0.4114,20.129310885968813,0.0,"MIT (Daniella Tola, 2023)",1,urdf_files_dataset/urdf_files/oems/xacro_generated/kinova_robotics/kinova_description/urdf/m1n6s300_standalone.urdf
kinova,kinova,urdf_files_dataset,13,17,high,tabletop,7600720,0.0581,0.1374,0.4956,21.001975511965977,0.0,"MIT (Daniella Tola, 2023)",1,urdf_files_dataset/urdf_files/oems/xacro_generated/kinova_robotics/kinova_description/urdf/j2n7s300_standalone.urdf
kinova,kinova,urdf_files_dataset,13,17,high,tabletop,8156277,0.0581,0.1312,0.41,24.422820845874867,0.0,"MIT (Daniella Tola, 2023)",1,urdf_files_dataset/urdf_files/oems/xacro_generated/kinova_robotics/kinova_description/urdf/j2s7s300_standalone.urdf
kinova,kinova,urdf_files_dataset,18,31,high,tabletop,13486900,0.5374,0.0581,0.4956,82.79056000344801,0.0,"MIT (Daniella Tola, 2023)",1,urdf_files_dataset/urdf_files/matlab/kinova_description/urdf/kinovaJacoTwoArmExample.urdf
kinova,kinova,urdf_files_dataset,19,53,high,fullsize,67579962,1.6068,0.3909,1.0613,89.46466770717959,0.472,"MIT (Daniella Tola, 2023)",1,urdf_files_dataset/urdf_files/matlab/movo_description/urdf/kinovaMovo.urdf
kinova,kinova,urdf_files_dataset,24,31,high,tabletop,14551728,0.5374,0.0581,0.4956,41.58507200345331,0.0,"MIT (Daniella Tola, 2023)",1,urdf_files_dataset/urdf_files/oems/xacro_generated/kinova_robotics/kinova_description/urdf/two_arm_robot_example_standalone.urdf
kuka,iiwa,bullet3,7,8,medium,fullsize,738572,0.0,0.0,1.261,36.477381366660005,0.0,zlib (most files); see LICENSE.txt for exceptions,2,bullet3/data/kuka_iiwa/model_for_sdf.urdf
kuka,iiwa,bullet3,7,8,medium,fullsize,888889,0.0,0.0,1.261,36.477381366660005,0.0,zlib (most files); see LICENSE.txt for exceptions,2,bullet3/data/kuka_iiwa/model_free_base.urdf
kuka,iiwa,bullet3,7,8,medium,fullsize,738572,0.0,0.0,1.261,30.38859116188,0.0,zlib (most files); see LICENSE.txt for exceptions,2,bullet3/data/kuka_iiwa/model_vr_limits.urdf
kuka,iiwa,mujoco_menagerie,7,9,medium,fullsize,1346208,0.0,0.0,1.261,36.47742,0.0,BSD-3-Clause (Menagerie: kuka_iiwa_14),2,mujoco_menagerie/kuka_iiwa_14/iiwa14.xml
kuka,iiwa,robosuite,7,11,medium,fullsize,4528044,0.0,0.0607,1.265,36.47742,0.0,"MIT (Stanford VLL + UT Robot Perception, 2022)",1,robosuite/robosuite/models/assets/robots/iiwa/robot.xml
kuka,iiwa,robot-assets,7,8,medium,fullsize,888889,0.0,0.0,1.261,36.477381366660005,0.0,varies by upstream repo (see README.md),4,robot-assets/urdfs/robots/kuka_iiwa/model.urdf
kuka,iiwa,urdf_files_dataset,7,11,high,fullsize,5498772,0.0,0.0,1.306,36.477381366660005,0.0,"MIT (Daniella Tola, 2023)",1,urdf_files_dataset/urdf_files/matlab/iiwa_description/urdf/kukaIiwa14.urdf
kuka,iiwa,urdf_files_dataset,7,11,high,fullsize,9457372,0.0,0.0607,1.266,36.477381366660005,0.0,"MIT (Daniella Tola, 2023)",1,urdf_files_dataset/urdf_files/matlab/iiwa_description/urdf/kukaIiwa7.urdf
kuka,kuka,urdf_files_dataset,6,10,medium,fullsize,2989638,1.18,0.0,0.435,37.71656513559746,0.0,"MIT (Daniella Tola, 2023)",1,urdf_files_dataset/urdf_files/ros-industrial/xacro_generated/kuka/kuka_kr10_support/urdf/kr10r1100sixx.urdf
kuka,kuka,urdf_files_dataset,6,10,high,fullsize,5644088,1.5,0.0,0.47,38.39724354387525,0.0,"MIT (Daniella Tola, 2023)",1,urdf_files_dataset/urdf_files/ros-industrial/xacro_generated/kuka/kuka_kr10_support/urdf/kr10r1420.urdf
kuka,kuka,urdf_files_dataset,6,10,medium,tabletop,1017388,0.99,0.0,0.425,37.71656513559746,0.0,"MIT (Daniella Tola, 2023)",1,urdf_files_dataset/urdf_files/ros-industrial/xacro_generated/kuka/kuka_kr10_support/urdf/kr10r900_2.urdf
kuka,kuka,urdf_files_dataset,6,10,medium,huge,3731713,2.93,0.0,0.75,42.58603374866164,0.0,"MIT (Daniella Tola, 2023)",1,urdf_files_dataset/urdf_files/ros-industrial/xacro_generated/kuka/kuka_kr150_support/urdf/kr150_2.urdf
kuka,kuka,urdf_files_dataset,6,10,medium,huge,2986638,3.315,0.0,0.76,42.63839362622147,0.0,"MIT (Daniella Tola, 2023)",1,urdf_files_dataset/urdf_files/ros-industrial/xacro_generated/kuka/kuka_kr150_support/urdf/kr150r3100_2.urdf
kuka,kuka,urdf_files_dataset,6,10,medium,tabletop,3729238,0.615,0.0,0.365,36.91371367968007,0.0,"MIT (Daniella Tola, 2023)",1,urdf_files_dataset/urdf_files/ros-industrial/xacro_generated/kuka/kuka_kr3_support/urdf/kr3r540.urdf
kuka,kuka,urdf_files_dataset,6,10,medium,fullsize,2023468,1.515,0.0,0.52,41.67846253762459,0.0,"MIT (Daniella Tola, 2023)",1,urdf_files_dataset/urdf_files/ros-industrial/xacro_generated/kuka/kuka_kr5_support/urdf/kr5_arc.urdf
kuka,kuka,urdf_files_dataset,6,10,medium,tabletop,3290464,0.785,0.0,0.435,37.71656513559746,0.0,"MIT (Daniella Tola, 2023)",1,urdf_files_dataset/urdf_files/ros-industrial/xacro_generated/kuka/kuka_kr6_support/urdf/kr6r700sixx.urdf
kuka,kuka,urdf_files_dataset,6,10,medium,tabletop,1017388,0.99,0.0,0.425,37.71656513559746,0.0,"MIT (Daniella Tola, 2023)",1,urdf_files_dataset/urdf_files/ros-industrial/xacro_generated/kuka/kuka_kr6_support/urdf/kr6r900_2.urdf
kuka,kuka,urdf_files_dataset,6,10,medium,tabletop,2630431,0.98,0.0,0.435,37.71656513559746,0.0,"MIT (Daniella Tola, 2023)",1,urdf_files_dataset/urdf_files/ros-industrial/xacro_generated/kuka/kuka_kr6_support/urdf/kr6r900sixx.urdf
kuka,kuka,bullet3,7,8,low,fullsize,447772,0.0,0.0,1.178,35.25565089026001,0.0,zlib (most files); see LICENSE.txt for exceptions,1,bullet3/data/kuka_lwr/kuka.urdf
mit,mini_cheetah,bullet3,12,17,high,tabletop,12228000,0.38,0.222,0.389,75.398232,0.0,zlib (most files); see LICENSE.txt for exceptions,1,bullet3/examples/pybullet/gym/pybullet_data/mini_cheetah/mini_cheetah.urdf
nasa,r2_description,robot-assets,3,12,medium,unknown,3892979,0.0,0.0,0.0,2.55,0.0,varies by upstream repo (see README.md),2,robot-assets/urdfs/robots/r2_description/robots/r2_left_gripper.urdf
nasa,r2_description,robot-assets,14,23,medium,tabletop,1285475,0.1843,0.0174,0.4693,98.5,0.0,varies by upstream repo (see README.md),2,robot-assets/urdfs/robots/r2_description/robots/r2_left_forearm.urdf
nasa,r2_description,robot-assets,14,34,high,fullsize,28089043,0.1288,0.5447,1.3865,66.68898,0.0,varies by upstream repo (see README.md),2,robot-assets/urdfs/robots/r2_description/robots/r2c_sim_legs_control.urdf.urdf
nasa,r2_description,robot-assets,14,34,high,fullsize,28089043,0.1288,0.5447,1.3865,66.68898,0.0,varies by upstream repo (see README.md),2,robot-assets/urdfs/robots/r2_description/robots/r2c_sim_legs_dynamics.urdf.urdf
nasa,r2_description,robot-assets,18,33,high,fullsize,8962125,0.416,2.1593,0.792,57.922,0.0,varies by upstream repo (see README.md),2,robot-assets/urdfs/robots/r2_description/robots/r2c5_dynamics.urdf
nasa,r2_description,robot-assets,32,64,high,fullsize,37051168,0.4173,2.1642,2.1785,124.61098000000001,0.0,varies by upstream repo (see README.md),2,robot-assets/urdfs/robots/r2_description/robots/r2b_dynamics.urdf
nasa,r2_description,robot-assets,32,64,high,fullsize,37051168,0.416,2.1593,2.1785,124.61098000000001,0.0,varies by upstream repo (see README.md),2,robot-assets/urdfs/robots/r2_description/robots/r2c1_dynamics.urdf
nasa,r2_description,robot-assets,32,64,high,fullsize,37051168,0.416,2.1593,2.1785,124.61098000000001,0.0,varies by upstream repo (see README.md),2,robot-assets/urdfs/robots/r2_description/robots/r2c6_dynamics.urdf
nasa,r2_description,robot-assets,32,65,high,fullsize,37051168,0.416,2.1593,2.1785,124.61098000000001,0.0,varies by upstream repo (see README.md),2,robot-assets/urdfs/robots/r2_description/robots/r2c_sim_full_dynamics.urdf.urdf
nasa,r2_description,robot-assets,42,74,high,fullsize,10991062,0.5104,2.2895,0.874,249.34199999999998,0.0,varies by upstream repo (see README.md),2,robot-assets/urdfs/robots/r2_description/robots/r2c5_control.urdf
nasa,r2_description,robot-assets,54,96,high,fullsize,13085503,0.5111,2.3982,1.5937,345.342,0.0,varies by upstream repo (see README.md),2,robot-assets/urdfs/robots/r2_description/robots/r2c5.urdf
nasa,r2_description,robot-assets,56,102,high,fullsize,39080105,0.5117,2.2945,2.2367,316.03098000000006,0.0,varies by upstream repo (see README.md),2,robot-assets/urdfs/robots/r2_description/robots/r2b_control.urdf
nasa,r2_description,robot-assets,56,102,high,fullsize,39080105,0.5104,2.2895,2.2367,316.03098000000006,0.0,varies by upstream repo (see README.md),2,robot-assets/urdfs/robots/r2_description/robots/r2c1_control.urdf
nasa,r2_description,robot-assets,56,105,high,fullsize,39080105,0.5104,2.2895,2.2605,316.03098000000006,0.0,varies by upstream repo (see README.md),2,robot-assets/urdfs/robots/r2_description/robots/r2c6_control.urdf
nasa,r2_description,robot-assets,56,105,high,fullsize,39080105,0.5104,2.2895,2.2605,316.03098000000006,0.0,varies by upstream repo (see README.md),2,robot-assets/urdfs/robots/r2_description/robots/r2c_sim_full_control.urdf.urdf
nasa,r2_description,robot-assets,74,128,high,fullsize,43666833,0.5117,2.4032,2.2367,417.13098000000025,0.0,varies by upstream repo (see README.md),2,robot-assets/urdfs/robots/r2_description/robots/r2b.urdf
nasa,r2_description,robot-assets,74,128,high,fullsize,43666833,0.5104,2.3982,2.2367,417.13098000000025,0.0,varies by upstream repo (see README.md),2,robot-assets/urdfs/robots/r2_description/robots/r2c1.urdf
nasa,r2_description,robot-assets,74,132,high,fullsize,43666833,0.5104,2.3982,2.2605,417.13098000000025,0.0,varies by upstream repo (see README.md),2,robot-assets/urdfs/robots/r2_description/robots/r2c6.urdf
nasa,r2_description,robot-assets,74,133,high,fullsize,43666833,0.5104,2.3982,2.2605,417.13098000000025,0.0,varies by upstream repo (see README.md),2,robot-assets/urdfs/robots/r2_description/robots/r2c6_valve.urdf
nasa,val_description,robot-assets,16,17,low,tabletop,298998,0.0254,0.4448,0.1578,30.202000000000005,0.0,varies by upstream repo (see README.md),3,robot-assets/urdfs/robots/val_description/model/robots/forearm_left.urdf
nasa,val_description,robot-assets,16,17,low,tabletop,298998,0.0254,0.4448,0.1578,30.202000000000005,0.0,varies by upstream repo (see README.md),3,robot-assets/urdfs/robots/val_description/model/robots/forearm_right.urdf
nasa,val_description,robot-assets,26,37,high,fullsize,5098204,0.2098,1.1598,1.7918,60.520595099999994,0.0,varies by upstream repo (see README.md),3,robot-assets/urdfs/robots/val_description/model/robots/valkyrie_A_arm_mass_sims.urdf
nasa,val_description,robot-assets,26,37,high,fullsize,5098204,0.2098,1.1598,1.7918,60.520595099999994,0.0,varies by upstream repo (see README.md),3,robot-assets/urdfs/robots/val_description/model/robots/valkyrie_B_arm_mass_sims.urdf
nasa,val_description,robot-assets,26,37,high,fullsize,5098204,0.2098,1.1598,1.7918,60.520595099999994,0.0,varies by upstream repo (see README.md),3,robot-assets/urdfs/robots/val_description/model/robots/valkyrie_C_arm_mass_sims.urdf
nasa,val_description,robot-assets,26,37,high,fullsize,5098204,0.2098,1.1598,1.7918,60.520595099999994,0.0,varies by upstream repo (see README.md),3,robot-assets/urdfs/robots/val_description/model/robots/valkyrie_D_arm_mass_sims.urdf
nasa,val_description,robot-assets,27,46,high,fullsize,5146900,0.1968,1.1598,1.8057,66.8037811,0.0,varies by upstream repo (see README.md),3,robot-assets/urdfs/robots/val_description/model/robots/valkyrie_sim_arm_mass_sims.urdf
nasa,val_description,robot-assets,58,69,medium,fullsize,2179695,0.2098,2.0493,1.7918,120.92459509999999,0.0,varies by upstream repo (see README.md),3,robot-assets/urdfs/robots/val_description/model/robots/valkyrie_A.urdf
nasa,val_description,robot-assets,58,69,medium,fullsize,2179695,0.2098,2.0493,1.7918,120.92459509999999,0.0,varies by upstream repo (see README.md),3,robot-assets/urdfs/robots/val_description/model/robots/valkyrie_B.urdf
nasa,val_description,robot-assets,58,69,medium,fullsize,2179695,0.2098,2.0493,1.7918,120.92459509999999,0.0,varies by upstream repo (see README.md),3,robot-assets/urdfs/robots/val_description/model/robots/valkyrie_C.urdf
nasa,val_description,robot-assets,58,69,medium,fullsize,2179695,0.2098,2.0493,1.7918,120.92459509999999,0.0,varies by upstream repo (see README.md),3,robot-assets/urdfs/robots/val_description/model/robots/valkyrie_D.urdf
nasa,val_description,robot-assets,59,78,medium,fullsize,2228391,0.1968,2.0493,1.8057,127.20778109999999,0.0,varies by upstream repo (see README.md),3,robot-assets/urdfs/robots/val_description/model/robots/valkyrie_sim.urdf
nasa,val_description,robot-assets,59,78,medium,fullsize,2265421,0.1968,2.0493,1.7979,127.20778109999999,0.0,varies by upstream repo (see README.md),3,robot-assets/urdfs/robots/val_description/model/robots/valkyrie_sim_angled_legj1s.urdf
nasa,val_description,robot-assets,59,78,medium,fullsize,2228391,0.1968,2.0493,1.8057,127.20778109999999,0.0,varies by upstream repo (see README.md),3,robot-assets/urdfs/robots/val_description/model/robots/valkyrie_sim_gazebo_sync.urdf
onrobot,onrobot,urdf_files_dataset,1,4,medium,compact,766552,0.0866,0.0295,0.1201,0.0,0.019,"MIT (Daniella Tola, 2023)",1,urdf_files_dataset/urdf_files/random/xacro_generated/juandpenan/onrobot_2fg7_description/urdf/onrobot_2fg7_upload.urdf
onrobot,onrobot,urdf_files_dataset,1,7,medium,compact,3500588,0.0,0.1135,0.164,1.343903,0.0,"MIT (Daniella Tola, 2023)",1,urdf_files_dataset/urdf_files/random/xacro_generated/osaka_university_onrobot/onrobot_rg2_visualization/urdf/onrobot_rg2_model.urdf
onrobot,onrobot,urdf_files_dataset,1,7,medium,compact,2000388,0.0,0.1429,0.2013,1.256638,0.0,"MIT (Daniella Tola, 2023)",1,urdf_files_dataset/urdf_files/random/xacro_generated/osaka_university_onrobot/onrobot_rg6_visualization/urdf/onrobot_rg6_model.urdf
open_robotics,turtlebot,urdf_files_dataset,2,7,high,compact,7722036,0.081,0.16,0.182,12.566372,0.0,"MIT (Daniella Tola, 2023)",1,urdf_files_dataset/urdf_files/matlab/turtlebot3_description/urdf/robotisTurtleBot3Burger.urdf
open_robotics,turtlebot,urdf_files_dataset,2,13,high,compact,19395960,0.246,0.288,0.132,12.566372,0.0,"MIT (Daniella Tola, 2023)",1,urdf_files_dataset/urdf_files/matlab/turtlebot3_description/urdf/robotisTurtleBot3Waffle.urdf
open_robotics,turtlebot,urdf_files_dataset,2,13,high,compact,13626560,0.246,0.288,0.132,12.566372,0.0,"MIT (Daniella Tola, 2023)",1,urdf_files_dataset/urdf_files/matlab/turtlebot3_description/urdf/robotisTurtleBot3WaffleForOpenManipulator.urdf
open_robotics,turtlebot,urdf_files_dataset,2,11,high,compact,10774636,0.253,0.288,0.132,12.566372,0.0,"MIT (Daniella Tola, 2023)",1,urdf_files_dataset/urdf_files/matlab/turtlebot3_description/urdf/robotisTurtleBot3WafflePi.urdf
open_robotics,turtlebot,urdf_files_dataset,2,11,high,compact,10774636,0.253,0.288,0.132,12.566372,0.0,"MIT (Daniella Tola, 2023)",1,urdf_files_dataset/urdf_files/matlab/turtlebot3_description/urdf/robotisTurtleBot3WafflePiForOpenManipulator.urdf
open_robotics,turtlebot,urdf_files_dataset,2,40,high,tabletop,7171500,0.28,0.28,0.4055,12.566372,0.0,"MIT (Daniella Tola, 2023)",1,urdf_files_dataset/urdf_files/matlab/turtlebot_description/robots/clearpathTurtleBot2.urdf
open_robotics,turtlebot,urdf_files_dataset,2,7,medium,compact,4555536,0.081,0.16,0.182,12.566372,0.0,"MIT (Daniella Tola, 2023)",1,urdf_files_dataset/urdf_files/oems/xacro_generated/turtlebot3_robotis/turtlebot3_description/urdf/turtlebot3_burger.urdf
open_robotics,turtlebot,urdf_files_dataset,2,10,medium,compact,4555536,0.1255,0.16,0.182,12.566372,0.0,"MIT (Daniella Tola, 2023)",1,urdf_files_dataset/urdf_files/oems/xacro_generated/turtlebot3_robotis/turtlebot3_description/urdf/turtlebot3_burger_for_autorace.urdf
open_robotics,turtlebot,urdf_files_dataset,2,10,medium,compact,4555536,0.124,0.16,0.182,12.566372,0.0,"MIT (Daniella Tola, 2023)",1,urdf_files_dataset/urdf_files/oems/xacro_generated/turtlebot3_robotis/turtlebot3_description/urdf/turtlebot3_burger_for_autorace_2020.urdf
open_robotics,turtlebot,urdf_files_dataset,2,13,high,compact,8139760,0.246,0.288,0.132,12.566372,0.0,"MIT (Daniella Tola, 2023)",1,urdf_files_dataset/urdf_files/oems/xacro_generated/turtlebot3_robotis/turtlebot3_description/urdf/turtlebot3_waffle.urdf
open_robotics,turtlebot,urdf_files_dataset,2,13,high,compact,6207760,0.246,0.288,0.132,12.566372,0.0,"MIT (Daniella Tola, 2023)",1,urdf_files_dataset/urdf_files/oems/xacro_generated/turtlebot3_robotis/turtlebot3_description/urdf/turtlebot3_waffle_for_open_manipulator.urdf
open_robotics,turtlebot,urdf_files_dataset,2,11,high,compact,5999536,0.253,0.288,0.132,12.566372,0.0,"MIT (Daniella Tola, 2023)",1,urdf_files_dataset/urdf_files/oems/xacro_generated/turtlebot3_robotis/turtlebot3_description/urdf/turtlebot3_waffle_pi.urdf
open_robotics,turtlebot,urdf_files_dataset,2,11,high,compact,5996736,0.253,0.288,0.132,12.566372,0.0,"MIT (Daniella Tola, 2023)",1,urdf_files_dataset/urdf_files/oems/xacro_generated/turtlebot3_robotis/turtlebot3_description/urdf/turtlebot3_waffle_pi_for_open_manipulator.urdf
pal_robotics,talos,mujoco_menagerie,44,46,medium,fullsize,4198104,0.064,0.6903,1.3643,87.18513637999999,0.0,Apache-2.0 (Menagerie: pal_talos),5,mujoco_menagerie/pal_talos/talos.xml
pal_robotics,tiago,robosuite,15,38,medium,fullsize,4947864,0.359,1.977,0.9865,44.401176170749004,0.35,"MIT (Stanford VLL + UT Robot Perception, 2022)",1,robosuite/robosuite/models/assets/robots/tiago/robot.xml
pal_robotics,tiago,mujoco_menagerie,22,24,medium,fullsize,1969452,0.359,1.0133,0.9865,91.75199700000002,0.43999999999999995,Apache-2.0 (Menagerie: pal_tiago),7,mujoco_menagerie/pal_tiago/tiago.xml
pal_robotics,tiago,mujoco_menagerie,25,27,medium,fullsize,3481104,0.488,2.0301,0.9642,78.304278,0.5299999999999999,Apache-2.0 (Menagerie: pal_tiago_dual),7,mujoco_menagerie/pal_tiago_dual/tiago_dual.xml
pndbotics,adam_lite,mujoco_menagerie,25,27,high,fullsize,23519628,0.059,0.47,1.3136,66.762772,0.0,MIT (Menagerie: pndbotics_adam_lite),2,mujoco_menagerie/pndbotics_adam_lite/adam_lite.xml
rainbow_robotics,rb,urdf_files_dataset,6,12,low,compact,354556,0.2486,0.0,0.193,17.697638615222502,0.022,"MIT (Daniella Tola, 2023)",1,urdf_files_dataset/urdf_files/robotics-toolbox/xacro_generated/interbotix_descriptions/urdf/px100.urdf
rainbow_robotics,rb,urdf_files_dataset,7,13,medium,tabletop,556640,0.3586,0.0,0.2539,24.08554367752175,0.022,"MIT (Daniella Tola, 2023)",1,urdf_files_dataset/urdf_files/robotics-toolbox/xacro_generated/interbotix_descriptions/urdf/px150.urdf
rainbow_robotics,rb,urdf_files_dataset,7,13,medium,tabletop,582740,0.3586,0.0,0.2539,23.492131731843674,0.022,"MIT (Daniella Tola, 2023)",1,urdf_files_dataset/urdf_files/robotics-toolbox/xacro_generated/interbotix_descriptions/urdf/rx150.urdf
rainbow_robotics,rb,urdf_files_dataset,7,13,medium,tabletop,542940,0.4086,0.0,0.3039,23.771384412162767,0.022,"MIT (Daniella Tola, 2023)",1,urdf_files_dataset/urdf_files/robotics-toolbox/xacro_generated/interbotix_descriptions/urdf/rx200.urdf
rainbow_robotics,rb,urdf_files_dataset,7,13,medium,tabletop,1339040,0.5365,0.0,0.4267,23.684117949563053,0.036000000000000004,"MIT (Daniella Tola, 2023)",1,urdf_files_dataset/urdf_files/robotics-toolbox/xacro_generated/interbotix_descriptions/urdf/vx300.urdf
rainbow_robotics,rb,urdf_files_dataset,7,13,low,tabletop,409140,0.4086,0.0,0.3103,23.823744289722598,0.022,"MIT (Daniella Tola, 2023)",1,urdf_files_dataset/urdf_files/robotics-toolbox/xacro_generated/interbotix_descriptions/urdf/wx200.urdf
rainbow_robotics,rb,urdf_files_dataset,7,13,low,tabletop,415140,0.4583,0.0,0.3603,24.08554367752175,0.022,"MIT (Daniella Tola, 2023)",1,urdf_files_dataset/urdf_files/robotics-toolbox/xacro_generated/interbotix_descriptions/urdf/wx250.urdf
rainbow_robotics,rb,urdf_files_dataset,8,14,medium,tabletop,1434124,0.5365,0.0,0.4267,29.96730325674264,0.036000000000000004,"MIT (Daniella Tola, 2023)",1,urdf_files_dataset/urdf_files/robotics-toolbox/xacro_generated/interbotix_descriptions/urdf/vx300s.urdf
rainbow_robotics,rb,urdf_files_dataset,8,14,medium,tabletop,566424,0.4583,0.0,0.3603,30.368728984701335,0.022,"MIT (Daniella Tola, 2023)",1,urdf_files_dataset/urdf_files/robotics-toolbox/xacro_generated/interbotix_descriptions/urdf/wx250s.urdf
rainbow_robotics,rb,robot-assets,18,33,high,fullsize,8962125,0.4173,2.1642,0.792,57.922,0.0,varies by upstream repo (see README.md),2,robot-assets/urdfs/robots/r2_description/robots/r2b_sim_upperbody_dynamics.urdf.urdf
rainbow_robotics,rb,robot-assets,18,34,high,fullsize,8962125,0.416,2.1593,0.792,57.922,0.0,varies by upstream repo (see README.md),2,robot-assets/urdfs/robots/r2_description/robots/r2c_sim_upperbody_dynamics.urdf.urdf
rainbow_robotics,rb,robot-assets,42,71,high,fullsize,10991062,0.5117,2.2945,0.8502,249.34199999999998,0.0,varies by upstream repo (see README.md),2,robot-assets/urdfs/robots/r2_description/robots/r2b_sim_upperbody_control.urdf.urdf
rainbow_robotics,rb,robot-assets,42,74,high,fullsize,10991062,0.5104,2.2895,0.874,249.34199999999998,0.0,varies by upstream repo (see README.md),2,robot-assets/urdfs/robots/r2_description/robots/r2c_sim_upperbody_control.urdf.urdf
rainbow_robotics,rb,mujoco_menagerie,44,46,high,tabletop,24215676,0.0457,0.236,0.4497,196.3844488200428,0.0,MIT (Menagerie: toddlerbot_2xc),12,mujoco_menagerie/toddlerbot_2xc/toddlerbot_2xc.xml
rethink,baxter,robosuite,14,26,medium,fullsize,4856484,0.7975,1.9849,0.75,62.549040000000005,0.0,"MIT (Stanford VLL + UT Robot Perception, 2022)",1,robosuite/robosuite/models/assets/robots/baxter/robot.xml
rethink,baxter,robosuite,15,49,high,fullsize,28635421,0.9211,2.039,0.817,65.69062481739999,0.0,"MIT (Stanford VLL + UT Robot Perception, 2022)",1,robosuite/robosuite/models/assets/bullet_data/baxter_description/urdf/baxter_arm.urdf
rethink,baxter,urdf_files_dataset,15,49,high,fullsize,28635421,0.9211,2.039,0.817,65.69062481739999,0.0,"MIT (Daniella Tola, 2023)",1,urdf_files_dataset/urdf_files/matlab/baxter_description/urdf/rethinkBaxter.urdf
rethink,baxter,urdf_files_dataset,15,49,high,fullsize,28635421,0.9211,2.039,0.817,65.69062481739999,0.0,"MIT (Daniella Tola, 2023)",1,urdf_files_dataset/urdf_files/oems/baxter_rethink_robotics/baxter_description/urdf/baxter.urdf
rethink,sawyer,mujoco_menagerie,7,10,high,tabletop,6266952,0.991,0.1925,0.3765,45.685900000000004,0.0,Apache-2.0 (Menagerie: rethink_robotics_sawyer),3,mujoco_menagerie/rethink_robotics_sawyer/sawyer.xml
rethink,sawyer,robosuite,7,8,high,tabletop,11868098,0.991,0.1925,0.317,45.7645,0.0,"MIT (Stanford VLL + UT Robot Perception, 2022)",1,robosuite/robosuite/models/assets/bullet_data/sawyer_description/urdf/sawyer_arm.urdf
rethink,sawyer,urdf_files_dataset,8,21,high,fullsize,19588552,1.0705,0.1925,0.5931,51.868100000000005,0.0,"MIT (Daniella Tola, 2023)",1,urdf_files_dataset/urdf_files/matlab/sawyer_description/urdf/rethinkSawyer.urdf
robotiq,robotiq,urdf_files_dataset,1,11,medium,compact,1518856,0.0,0.1905,0.177,0.7,0.0,"MIT (Daniella Tola, 2023)",1,urdf_files_dataset/urdf_files/ros-industrial/xacro_generated/robotiq/robotiq_2f_140_gripper_visualization/urdf/robotiq_arg2f_140_model.urdf
robotiq,robotiq,urdf_files_dataset,1,11,medium,compact,3446211,0.0,0.1364,0.1303,0.8,0.0,"MIT (Daniella Tola, 2023)",1,urdf_files_dataset/urdf_files/ros-industrial/xacro_generated/robotiq/robotiq_2f_85_gripper_visualization/urdf/robotiq_arg2f_85_model.urdf
robotiq,robotiq,mujoco_menagerie,6,12,medium,compact,2095560,0.1774,0.024,0.1147,7.738739945660001,0.0,BSD-3-Clause (Menagerie: robotiq_2f85_v4),3,mujoco_menagerie/robotiq_2f85_v4/2f85.xml
robotiq,robotiq,robosuite,6,9,medium,compact,506604,0.0002,0.1905,0.27,0.15979536499559285,0.0,"MIT (Stanford VLL + UT Robot Perception, 2022)",1,robosuite/robosuite/models/assets/grippers/robotiq_gripper_140.xml
robotiq,robotiq,mujoco_menagerie,8,15,medium,compact,1146396,0.1364,0.0,0.1157,10.424067945660001,0.0,BSD-3-Clause (Menagerie: robotiq_2f85),2,mujoco_menagerie/robotiq_2f85/2f85.xml
robotiq,robotiq,robosuite,11,15,low,compact,324732,0.0724,0.1859,0.15,0.513727193349019,0.0,"MIT (Stanford VLL + UT Robot Perception, 2022)",1,robosuite/robosuite/models/assets/grippers/robotiq_gripper_s.xml
robotis,dynamixel,mujoco_menagerie,2,4,medium,tabletop,1808304,0.0,0.026,0.5452,9.075712110370514,0.0,Unknown (Menagerie: dynamixel_2r),2,mujoco_menagerie/dynamixel_2r/dynamixel_2r.xml
robotis,op3,mujoco_menagerie,20,22,high,tabletop,16812624,0.042,0.3578,0.4137,125.66372,0.0,Apache-2.0 (Menagerie: robotis_op3),2,mujoco_menagerie/robotis_op3/op3.xml
schunk,schunk,urdf_files_dataset,1,5,medium,compact,518023,0.0,0.011,0.2049,0.0,0.0311,"MIT (Daniella Tola, 2023)",1,urdf_files_dataset/urdf_files/random/xacro_generated/schunk_modular_robotics/schunk_description/urdf/schunk_pg70.urdf
schunk,schunk,urdf_files_dataset,2,5,medium,compact,1139752,0.0,0.0,0.191,10.47197620478639,0.0,"MIT (Daniella Tola, 2023)",1,urdf_files_dataset/urdf_files/random/xacro_generated/schunk_modular_robotics/schunk_description/urdf/schunk_pw70.urdf
schunk,schunk,urdf_files_dataset,6,9,medium,tabletop,1455338,0.0,0.0053,0.807,34.858,0.0,"MIT (Daniella Tola, 2023)",1,urdf_files_dataset/urdf_files/random/xacro_generated/schunk_modular_robotics/schunk_description/urdf/schunk_lwa4p.urdf
schunk,schunk,urdf_files_dataset,7,11,medium,fullsize,635572,0.0,0.0,1.1394,37.30955592153876,0.0,"MIT (Daniella Tola, 2023)",1,urdf_files_dataset/urdf_files/random/xacro_generated/schunk_modular_robotics/schunk_description/urdf/schunk_lwa4d.urdf
schunk,schunk,urdf_files_dataset,7,10,high,fullsize,6000293,0.0,0.0,1.0337,41.87,0.0,"MIT (Daniella Tola, 2023)",1,urdf_files_dataset/urdf_files/random/xacro_generated/schunk_modular_robotics/schunk_description/urdf/schunk_lwa4p_extended.urdf
shadow_robot,shadow,mujoco_menagerie,12,20,medium,compact,2955792,0.0876,0.1082,0.2956,21.9915,0.0,Apache-2.0 (Menagerie: shadow_dexee),2,mujoco_menagerie/shadow_dexee/shadow_dexee.xml
shadow_robot,shadow,mujoco_menagerie,24,26,medium,tabletop,807036,0.416,0.1165,0.0186,32.323550999999995,0.0,Apache-2.0 (Menagerie: shadow_hand),4,mujoco_menagerie/shadow_hand/left_hand.xml
softbank,nao,bullet3,25,79,medium,tabletop,915176,0.268,0.276,0.5694,56.878775600000004,0.0,zlib (most files); see LICENSE.txt for exceptions,1,bullet3/data/humanoid/nao.urdf
stanford,tidybot,mujoco_menagerie,3,2,low,unknown,73632,0.0,0.0,0.0,6.283186,0.0,MIT (Menagerie: stanford_tidybot),2,mujoco_menagerie/stanford_tidybot/base.xml
stanford,tidybot,mujoco_menagerie,18,23,medium,fullsize,2394336,0.1364,0.0249,1.6343,55.63999794566,0.0,MIT (Menagerie: stanford_tidybot),2,mujoco_menagerie/stanford_tidybot/tidybot.xml
staubli,staubli,urdf_files_dataset,6,10,medium,fullsize,1862338,0.0,0.02,1.045,39.33099469369222,0.0,"MIT (Daniella Tola, 2023)",1,urdf_files_dataset/urdf_files/ros-industrial/xacro_generated/staubli/staubli_tx2_60_support/urdf/tx2_60.urdf
staubli,staubli,urdf_files_dataset,6,10,medium,fullsize,1798988,0.0,0.02,1.295,39.33099469369222,0.0,"MIT (Daniella Tola, 2023)",1,urdf_files_dataset/urdf_files/ros-industrial/xacro_generated/staubli/staubli_tx2_60_support/urdf/tx2_60l.urdf
staubli,staubli,urdf_files_dataset,6,10,medium,fullsize,2748838,0.05,0.05,1.428,39.4880743263717,0.0,"MIT (Daniella Tola, 2023)",1,urdf_files_dataset/urdf_files/ros-industrial/xacro_generated/staubli/staubli_tx2_90_support/urdf/tx2_90.urdf
staubli,staubli,urdf_files_dataset,6,10,medium,fullsize,2791388,0.05,0.05,1.628,39.4880743263717,0.0,"MIT (Daniella Tola, 2023)",1,urdf_files_dataset/urdf_files/ros-industrial/xacro_generated/staubli/staubli_tx2_90_support/urdf/tx2_90l.urdf
staubli,staubli,urdf_files_dataset,6,10,medium,fullsize,2878388,0.05,0.05,1.878,39.4880743263717,0.0,"MIT (Daniella Tola, 2023)",1,urdf_files_dataset/urdf_files/ros-industrial/xacro_generated/staubli/staubli_tx2_90_support/urdf/tx2_90xl.urdf
staubli,staubli,urdf_files_dataset,6,10,medium,fullsize,1880788,0.0,0.02,1.045,39.008108782073265,0.0,"MIT (Daniella Tola, 2023)",1,urdf_files_dataset/urdf_files/ros-industrial/xacro_generated/staubli/staubli_tx60_support/urdf/tx60.urdf
staubli,staubli,urdf_files_dataset,6,10,medium,fullsize,1745488,0.0,0.02,1.295,39.35717463247213,0.0,"MIT (Daniella Tola, 2023)",1,urdf_files_dataset/urdf_files/ros-industrial/xacro_generated/staubli/staubli_tx60_support/urdf/tx60l.urdf
staubli,staubli,urdf_files_dataset,6,10,medium,fullsize,2051238,0.05,0.05,1.428,39.4880743263717,0.0,"MIT (Daniella Tola, 2023)",1,urdf_files_dataset/urdf_files/ros-industrial/xacro_generated/staubli/staubli_tx90_support/urdf/tx90.urdf
staubli,staubli,urdf_files_dataset,6,10,medium,fullsize,1883088,0.05,0.05,1.628,39.4880743263717,0.0,"MIT (Daniella Tola, 2023)",1,urdf_files_dataset/urdf_files/ros-industrial/xacro_generated/staubli/staubli_tx90_support/urdf/tx90l.urdf
staubli,staubli,urdf_files_dataset,6,10,medium,fullsize,1909838,0.05,0.05,1.878,39.4880743263717,0.0,"MIT (Daniella Tola, 2023)",1,urdf_files_dataset/urdf_files/ros-industrial/xacro_generated/staubli/staubli_tx90_support/urdf/tx90xl.urdf
tetheria,aero_hand,mujoco_menagerie,16,23,medium,compact,1521360,0.2004,0.1523,0.0686,24.692399999999996,0.0,Apache-2.0 (Menagerie: tetheria_aero_hand_open),3,mujoco_menagerie/tetheria_aero_hand_open/left_hand.xml
the_robot_studio,so101,mujoco_menagerie,6,9,high,tabletop,6260736,0.3166,0.0359,0.2555,21.4340614,0.0,Apache-2.0 (Menagerie: robotstudio_so101),3,mujoco_menagerie/robotstudio_so101/so101.xml
the_robot_studio,trs_so_arm,mujoco_menagerie,6,8,medium,tabletop,1100808,0.0,0.4078,0.119,21.472,0.0,Apache-2.0 (Menagerie: trs_so_arm100),2,mujoco_menagerie/trs_so_arm100/so_arm100.xml
trossen,vx300,mujoco_menagerie,8,11,medium,tabletop,500280,0.498,0.0,0.427,29.42617,0.07200000000000001,BSD-3-Clause (Menagerie: trossen_vx300s),2,mujoco_menagerie/trossen_vx300s/vx300s.xml
trossen,widowx,bullet3,7,10,low,tabletop,171556,0.3048,0.0,0.267,22.842,0.027,zlib (most files); see LICENSE.txt for exceptions,1,bullet3/data/widowx/widowx.urdf
trossen,wx250,mujoco_menagerie,8,10,low,tabletop,196692,0.4308,0.0,0.3607,30.36865,0.044,BSD-3-Clause (Menagerie: trossen_wx250s),2,mujoco_menagerie/trossen_wx250s/wx250s.xml
trossen,wxai,mujoco_menagerie,16,19,medium,fullsize,750084,1.403,0.046,0.209,48.345639999999996,0.176,BSD-3-Clause (Menagerie: trossen_wxai),2,mujoco_menagerie/trossen_wxai/trossen_ai_bimanual.xml
uc_berkeley,berkeley_humanoid,mujoco_menagerie,12,14,high,tabletop,9772560,0.0635,0.32,0.5031,18.151436000000004,0.0,BSD-3-Clause (Menagerie: berkeley_humanoid),2,mujoco_menagerie/berkeley_humanoid/berkeley_humanoid.xml
ufactory,lite6,mujoco_menagerie,6,8,medium,tabletop,1263504,0.087,0.0,0.4437,33.711015,0.0,BSD-3-Clause (Menagerie: ufactory_lite6),2,mujoco_menagerie/ufactory_lite6/lite6.xml
ufactory,lite6,mujoco_menagerie,8,11,medium,tabletop,1434336,0.087,0.0,0.4437,33.711015,0.01618,BSD-3-Clause (Menagerie: ufactory_lite6),2,mujoco_menagerie/ufactory_lite6/lite6_gripper_wide.xml
ufactory,xarm,bullet3,6,8,medium,tabletop,2571738,0.207,0.0,0.5515,50.80605449667,0.0,zlib (most files); see LICENSE.txt for exceptions,1,bullet3/examples/pybullet/gym/pybullet_data/xarm/xarm6_robot.urdf
ufactory,xarm,bullet3,6,8,medium,tabletop,2571738,0.207,0.0,0.5515,50.80605449667,0.0,zlib (most files); see LICENSE.txt for exceptions,1,bullet3/examples/pybullet/gym/pybullet_data/xarm/xarm6_robot_white.urdf
ufactory,xarm,mujoco_menagerie,6,8,medium,compact,917748,0.0,0.1409,0.1011,5.1,0.0,BSD-3-Clause (Menagerie: ufactory_xarm7),1,mujoco_menagerie/ufactory_xarm7/hand.xml
ufactory,xarm,bullet3,7,15,high,tabletop,5045676,0.207,0.1409,0.5515,51.65605449667,0.0,zlib (most files); see LICENSE.txt for exceptions,1,bullet3/examples/pybullet/gym/pybullet_data/xarm/xarm6_with_gripper.urdf
ufactory,xarm,mujoco_menagerie,7,9,medium,tabletop,744156,0.206,0.0,0.56,38.239684,0.0,BSD-3-Clause (Menagerie: ufactory_xarm7),1,mujoco_menagerie/ufactory_xarm7/xarm7_nohand.xml
ufactory,xarm,robosuite,7,10,medium,tabletop,744156,0.206,0.0,0.56,38.239684,0.0,"MIT (Stanford VLL + UT Robot Perception, 2022)",1,robosuite/robosuite/models/assets/robots/xarm7/robot.xml
ufactory,xarm,mujoco_menagerie,13,16,medium,tabletop,1661904,0.206,0.1409,0.56,43.339684000000005,0.0,BSD-3-Clause (Menagerie: ufactory_xarm7),2,mujoco_menagerie/ufactory_xarm7/xarm7.xml
unitree,a1,urdf_files_dataset,6,10,low,fullsize,199388,1.29,0.0,1.565,40.32827499999999,0.0,"MIT (Daniella Tola, 2023)",1,urdf_files_dataset/urdf_files/ros-industrial/xacro_generated/fanuc/fanuc_m20ia_support/urdf/m20ia10l.urdf
unitree,a1,bullet3,12,22,high,tabletop,6033092,0.366,0.2641,0.4,34.487706019428,0.0,zlib (most files); see LICENSE.txt for exceptions,1,bullet3/examples/pybullet/gym/pybullet_data/a1/a1.urdf
unitree,a1,mujoco_menagerie,12,14,medium,tabletop,3799680,0.366,0.2641,0.2,34.48769600000001,0.0,BSD-3-Clause (Menagerie: unitree_a1),2,mujoco_menagerie/unitree_a1/a1.xml
unitree,aliengo,bullet3,12,18,medium,tabletop,890381,0.4798,0.268,0.5,18.291050560928,0.0,zlib (most files); see LICENSE.txt for exceptions,1,bullet3/examples/pybullet/gym/pybullet_data/aliengo/aliengo.urdf
unitree,g1,mujoco_menagerie,29,31,high,fullsize,7079544,0.2037,0.2973,1.0486,102.68079399999998,0.0,BSD-3-Clause (Menagerie: unitree_g1),4,mujoco_menagerie/unitree_g1/g1.xml
unitree,g1,mujoco_menagerie,43,45,high,fullsize,11329080,0.3687,0.3065,1.0486,127.16779799999996,0.0,BSD-3-Clause (Menagerie: unitree_g1),2,mujoco_menagerie/unitree_g1/g1_with_hands.xml
unitree,go1,mujoco_menagerie,12,14,medium,tabletop,3715452,0.3762,0.2535,0.213,35.372,0.0,BSD-3-Clause (Menagerie: unitree_go1),2,mujoco_menagerie/unitree_go1/go1.xml
unitree,go2,mujoco_menagerie,12,14,medium,tabletop,4661364,0.3868,0.284,0.213,36.16336,0.0,BSD-3-Clause (Menagerie: unitree_go2),4,mujoco_menagerie/unitree_go2/go2.xml
unitree,h1,mujoco_menagerie,19,21,high,fullsize,5153592,0.0395,0.4271,1.4131,59.42000000000001,0.0,BSD-3-Clause (Menagerie: unitree_h1),2,mujoco_menagerie/unitree_h1/h1.xml
unitree,laikago,bullet3,12,13,medium,tabletop,3054489,0.2728,0.2083,0.5795,0.0,0.0,zlib (most files); see LICENSE.txt for exceptions,1,bullet3/examples/pybullet/gym/pybullet_data/laikago/laikago.urdf
unitree,laikago,bullet3,12,17,medium,tabletop,3054489,0.2728,0.4583,0.6015,0.0,0.0,zlib (most files); see LICENSE.txt for exceptions,1,bullet3/examples/pybullet/gym/pybullet_data/laikago/laikago_toes.urdf
unitree,laikago,bullet3,12,17,medium,tabletop,3054489,0.2728,0.4583,0.6015,35.13680000000001,0.0,zlib (most files); see LICENSE.txt for exceptions,1,bullet3/examples/pybullet/gym/pybullet_data/laikago/laikago_toes_limits.urdf
unitree,laikago,bullet3,12,17,medium,tabletop,3089494,0.6015,0.2728,0.4883,0.0,0.0,zlib (most files); see LICENSE.txt for exceptions,1,bullet3/examples/pybullet/gym/pybullet_data/laikago/laikago_toes_zup.urdf
unitree,laikago,bullet3,12,17,low,tabletop,193837,0.6015,0.2728,0.4883,0.0,0.0,zlib (most files); see LICENSE.txt for exceptions,1,bullet3/examples/pybullet/gym/pybullet_data/laikago/laikago_toes_zup_lores.urdf
unitree,z1,mujoco_menagerie,6,8,medium,tabletop,3202896,0.35,0.0,0.1605,22.39257,0.0,BSD-3-Clause (Menagerie: unitree_z1),2,mujoco_menagerie/unitree_z1/z1.xml
unitree,z1,mujoco_menagerie,7,9,medium,tabletop,4412364,0.4372,0.0,0.1605,23.911009999999997,0.0,BSD-3-Clause (Menagerie: unitree_z1),1,mujoco_menagerie/unitree_z1/z1_gripper.xml
universal_robots,ur10,mujoco_menagerie,6,8,high,fullsize,6174828,1.184,0.176,0.181,37.69893,0.0,BSD-3-Clause (Menagerie: universal_robots_ur10e),3,mujoco_menagerie/universal_robots_ur10e/ur10e.xml
universal_robots,ur10,robot-assets,6,11,high,fullsize,9060850,1.1843,0.2561,0.1273,69.11503837897999,0.0,varies by upstream repo (see README.md),4,robot-assets/urdfs/robots/ur10/ur10_robot.urdf
universal_robots,ur10,urdf_files_dataset,6,11,high,fullsize,9231107,1.1843,0.2561,0.1273,69.11503837897999,0.0,"MIT (Daniella Tola, 2023)",1,urdf_files_dataset/urdf_files/matlab/ur_description/urdf/universalUR10.urdf
universal_robots,ur16,urdf_files_dataset,6,11,high,tabletop,9891241,0.8384,0.2907,0.1807,69.11503837897544,0.0,"MIT (Daniella Tola, 2023)",1,urdf_files_dataset/urdf_files/ros-industrial/xacro_generated/universal_robots/ur_description/urdf/ur16e.urdf
universal_robots,ur3,urdf_files_dataset,6,11,high,tabletop,5447198,0.4569,0.1942,0.1519,69.11503837897999,0.0,"MIT (Daniella Tola, 2023)",1,urdf_files_dataset/urdf_files/matlab/ur_description/urdf/universalUR3.urdf
universal_robots,ur3,urdf_files_dataset,6,11,high,tabletop,6945890,0.4569,0.1942,0.1519,37.69911184307752,0.0,"MIT (Daniella Tola, 2023)",2,urdf_files_dataset/urdf_files/robotics-toolbox/xacro_generated/ur_description/urdf/ur3.urdf
universal_robots,ur3,urdf_files_dataset,6,11,high,tabletop,10220630,0.4567,0.2231,0.1519,69.11503837897544,0.0,"MIT (Daniella Tola, 2023)",1,urdf_files_dataset/urdf_files/ros-industrial/xacro_generated/universal_robots/ur_description/urdf/ur3e.urdf
universal_robots,ur5,mujoco_menagerie,6,8,high,tabletop,5764812,0.817,0.138,0.163,37.69893,0.0,BSD-3-Clause (Menagerie: universal_robots_ur5e),4,mujoco_menagerie/universal_robots_ur5e/ur5e.xml
universal_robots,ur5,robot-assets,6,11,high,tabletop,6663139,0.8173,0.1915,0.0946,37.699111800000004,0.0,varies by upstream repo (see README.md),2,robot-assets/urdfs/robots/ur5/ur5_gripper.urdf
universal_robots,ur5,urdf_files_dataset,6,11,high,tabletop,6275526,0.8173,0.1915,0.0946,69.11503837897999,0.0,"MIT (Daniella Tola, 2023)",1,urdf_files_dataset/urdf_files/matlab/ur_description/urdf/universalUR5.urdf
universal_robots,ur5,urdf_files_dataset,6,11,high,tabletop,6681474,0.8173,0.1915,0.0946,37.69911184307752,0.0,"MIT (Daniella Tola, 2023)",2,urdf_files_dataset/urdf_files/robotics-toolbox/xacro_generated/ur_description/urdf/ur5.urdf
willow_garage,pr2,bullet3,2,5,low,compact,59936,0.2,0.02,0.0,8.548,0.0,zlib (most files); see LICENSE.txt for exceptions,2,bullet3/data/pr2_gripper.urdf
willow_garage,pr2,robot-assets,32,50,medium,fullsize,3107348,1.2293,0.5472,1.2366,39.488828000006,0.33,varies by upstream repo (see README.md),2,robot-assets/urdfs/robots/pr2/pr2.urdf
willow_garage,pr2,urdf_files_dataset,39,95,medium,fullsize,4630508,1.241,0.5472,1.4641,58.338386000006,0.91,"MIT (Daniella Tola, 2023)",1,urdf_files_dataset/urdf_files/matlab/pr2_description/robots/willowgaragePR2.urdf
willow_garage,pr2,urdf_files_dataset,39,88,medium,fullsize,3714424,1.241,0.5472,1.2912,58.338386,0.91,"MIT (Daniella Tola, 2023)",1,urdf_files_dataset/urdf_files/robotics-toolbox/xacro_generated/pr2_description/robots/pr2.urdf
wonik,allegro,mujoco_menagerie,16,22,low,compact,399708,0.1919,0.1785,0.0182,25.536999999999995,0.0,BSD-3-Clause (Menagerie: wonik_allegro),4,mujoco_menagerie/wonik_allegro/left_hand.xml
yaskawa,yaskawa,urdf_files_dataset,6,7,high,tabletop,9247288,0.444,0.0,0.6799,40.072700000000005,0.0,"MIT (Daniella Tola, 2023)",1,urdf_files_dataset/urdf_files/matlab/motoman_mh5_support/urdf/yaskawaMotomanMH5.urdf
